1,"17,6"
2,"17,11"
3,"17,6"
4,"17,11"
5,"17,11"
6,"17,11"
7,"16,62"
8,"17,11"
9,"16,62"
10,"16,62"
11,"16,62"
12,"17,11"
13,"16,62"
14,"16,62"
15,"16,62"
16,"16,62"
17,"16,62"
18,"16,62"
19,"16,62"
20,"16,62"
21,"16,62"
22,"16,62"
23,"16,62"
24,"16,62"
25,"17,11"
26,"16,62"
27,"16,62"
28,"16,62"
29,"16,62"
30,"16,62"
31,"16,62"
32,"16,62"
33,"16,62"
34,"16,62"
35,"16,62"
36,"16,62"
37,"16,13"
38,"16,62"
39,"16,62"
40,"16,13"
41,"16,62"
42,"16,13"
43,"16,62"
44,"16,62"
45,"16,62"
46,"16,62"
47,"16,62"
48,"16,62"
49,"16,62"
50,"16,62"
51,"16,62"
52,"16,13"
53,"16,62"
54,"16,62"
55,"16,62"
56,"16,62"
57,"16,62"
58,"16,62"
59,"16,62"
60,"16,62"
61,"16,62"
62,"16,62"
63,"16,62"
64,"16,62"
65,"16,13"
66,"16,62"
67,"16,62"
68,"16,62"
69,"16,62"
70,"16,62"
71,"16,62"
72,"16,62"
73,"16,13"
74,"16,62"
75,"16,62"
76,"16,62"
77,"16,62"
78,"16,62"
79,"16,62"
80,"16,62"
81,"16,62"
82,"16,62"
83,"16,62"
84,"16,62"
85,"16,13"
86,"16,62"
87,"16,62"
88,"16,62"
89,"16,62"
90,"16,62"
91,"16,13"
92,"16,62"
93,"16,62"
94,"16,62"
95,"16,62"
96,"16,62"
97,"16,13"
98,"16,13"
99,"16,62"
100,"16,62"
101,"16,62"
102,"16,62"
103,"16,62"
104,"16,13"
105,"16,13"
106,"16,13"
107,"16,13"
108,"16,62"
109,"16,13"
110,"16,13"
111,"16,62"
112,"16,62"
113,"16,62"
114,"16,13"
115,"16,13"
116,"16,62"
117,"16,62"
118,"16,62"
119,"16,62"
120,"16,62"
121,"16,62"
122,"16,62"
123,"16,62"
124,"16,62"
125,"16,62"
126,"16,13"
127,"16,62"
128,"16,62"
129,"16,62"
130,"16,62"
131,"16,13"
132,"16,62"
133,"16,62"
134,"16,13"
135,"16,62"
136,"16,62"
137,"16,13"
138,"16,62"
139,"16,62"
140,"16,62"
141,"16,62"
142,"16,13"
143,"16,62"
144,"16,13"
145,"16,62"
146,"16,62"
147,"16,13"
148,"16,13"
149,"16,13"
150,"16,62"
151,"16,13"
152,"16,13"
153,"16,13"
154,"16,13"
155,"16,62"
156,"16,13"
157,"16,13"
158,"16,13"
159,"16,62"
160,"16,62"
161,"16,62"
162,"16,13"
163,"16,13"
164,"16,62"
165,"16,13"
166,"16,62"
167,"16,62"
168,"16,62"
169,"16,62"
170,"16,62"
171,"16,62"
172,"16,62"
173,"16,13"
174,"16,62"
175,"16,13"
176,"16,13"
177,"16,13"
178,"16,62"
179,"16,13"
180,"16,62"
181,"16,62"
182,"16,13"
183,"16,13"
184,"16,13"
185,"16,13"
186,"16,62"
187,"16,13"
188,"16,13"
189,"16,13"
190,"16,13"
191,"16,13"
192,"16,62"
193,"16,62"
194,"16,62"
195,"16,13"
196,"16,62"
197,"16,62"
198,"16,13"
199,"16,13"
200,"16,13"
201,"16,62"
202,"16,13"
203,"16,13"
204,"16,62"
205,"16,13"
206,"16,13"
207,"16,13"
208,"16,13"
209,"16,62"
210,"16,13"
211,"16,13"
212,"16,13"
213,"16,62"
214,"16,62"
215,"16,13"
216,"16,13"
217,"16,13"
218,"16,62"
219,"16,62"
220,"16,13"
221,"16,62"
222,"16,62"
223,"16,13"
224,"16,13"
225,"16,13"
226,"16,13"
227,"16,62"
228,"16,62"
229,"16,13"
230,"16,13"
231,"16,13"
232,"16,62"
233,"16,13"
234,"16,62"
235,"16,13"
236,"16,13"
237,"16,13"
238,"16,13"
239,"16,62"
240,"16,13"
241,"16,13"
242,"16,13"
243,"16,13"
244,"16,13"
245,"16,62"
246,"16,62"
247,"16,13"
248,"16,13"
249,"16,62"
250,"16,13"
251,"16,13"
252,"16,13"
253,"16,13"
254,"16,13"
255,"16,13"
256,"16,13"
257,"16,13"
258,"16,13"
259,"16,13"
260,"16,13"
261,"16,13"
262,"16,13"
263,"16,13"
264,"16,62"
265,"16,13"
266,"16,13"
267,"16,13"
268,"16,13"
269,"16,13"
270,"16,13"
271,"16,13"
272,"16,13"
273,"16,62"
274,"16,13"
275,"16,13"
276,"16,13"
277,"16,13"
278,"16,13"
279,"16,13"
280,"16,13"
281,"16,13"
282,"16,13"
283,"16,62"
284,"16,13"
285,"16,13"
286,"16,13"
287,"16,13"
288,"16,13"
289,"16,13"
290,"16,13"
291,"16,13"
292,"16,13"
293,"16,13"
294,"16,13"
295,"16,13"
296,"16,13"
297,"16,13"
298,"16,13"
299,"16,13"
300,"16,13"
301,"16,13"
302,"16,13"
303,"16,62"
304,"16,13"
305,"16,13"
306,"16,13"
307,"16,13"
308,"16,13"
309,"16,13"
310,"16,13"
311,"16,13"
312,"16,13"
313,"16,13"
314,"16,13"
315,"16,13"
316,"16,13"
317,"16,13"
318,"16,13"
319,"16,13"
320,"16,13"
321,"15,64"
322,"15,64"
323,"16,13"
324,"16,13"
325,"16,13"
326,"15,64"
327,"16,13"
328,"16,13"
329,"16,13"
330,"16,13"
331,"16,13"
332,"16,13"
333,"15,64"
334,"16,13"
335,"16,13"
336,"16,13"
337,"15,64"
338,"16,13"
339,"16,13"
340,"16,13"
341,"16,13"
342,"16,13"
343,"16,13"
344,"16,13"
345,"15,64"
346,"16,13"
347,"16,13"
348,"16,13"
349,"16,13"
350,"16,13"
351,"16,13"
352,"16,13"
353,"16,13"
354,"16,13"
355,"16,13"
356,"16,13"
357,"16,13"
358,"16,13"
359,"16,13"
360,"16,13"
361,"15,64"
362,"15,64"
363,"16,13"
364,"15,64"
365,"16,13"
366,"15,64"
367,"16,13"
368,"16,13"
369,"15,64"
370,"16,13"
371,"15,64"
372,"16,13"
373,"16,13"
374,"16,13"
375,"15,64"
376,"16,13"
377,"15,64"
378,"15,64"
379,"16,13"
380,"16,13"
381,"15,64"
382,"16,13"
383,"16,13"
384,"16,13"
385,"16,13"
386,"16,13"
387,"16,13"
388,"16,13"
389,"15,64"
390,"16,13"
391,"15,64"
392,"16,13"
393,"16,13"
394,"16,13"
395,"16,13"
396,"16,13"
397,"15,64"
398,"16,13"
399,"15,64"
400,"16,13"
401,"16,13"
402,"16,13"
403,"16,13"
404,"16,13"
405,"16,13"
406,"15,64"
407,"16,13"
408,"15,64"
409,"16,13"
410,"16,13"
411,"15,64"
412,"16,13"
413,"15,64"
414,"16,13"
415,"15,64"
416,"15,64"
417,"15,64"
418,"15,64"
419,"16,13"
420,"16,13"
421,"15,64"
422,"15,64"
423,"16,13"
424,"16,13"
425,"15,64"
426,"16,13"
427,"16,13"
428,"15,64"
429,"15,64"
430,"16,13"
431,"15,64"
432,"15,64"
433,"16,13"
434,"15,64"
435,"15,64"
436,"16,13"
437,"16,13"
438,"16,13"
439,"15,64"
440,"15,64"
441,"15,64"
442,"15,64"
443,"15,64"
444,"15,64"
445,"16,13"
446,"16,13"
447,"16,13"
448,"16,13"
449,"16,13"
450,"16,13"
451,"16,13"
452,"16,13"
453,"15,64"
454,"16,13"
455,"16,13"
456,"16,13"
457,"16,13"
458,"16,13"
459,"16,13"
460,"16,13"
461,"16,13"
462,"15,64"
463,"16,13"
464,"16,13"
465,"16,13"
466,"15,64"
467,"15,64"
468,"16,13"
469,"16,13"
470,"15,64"
471,"16,13"
472,"15,64"
473,"15,64"
474,"16,13"
475,"16,13"
476,"15,64"
477,"15,64"
478,"16,13"
479,"16,13"
480,"15,64"
481,"15,64"
482,"16,13"
483,"16,13"
484,"16,13"
485,"16,13"
486,"15,64"
487,"15,64"
488,"16,13"
489,"16,13"
490,"16,13"
491,"15,64"
492,"15,64"
493,"16,13"
494,"16,13"
495,"15,64"
496,"16,13"
497,"16,13"
498,"15,64"
499,"15,64"
500,"16,13"
501,"15,64"
502,"16,13"
503,"15,64"
504,"15,64"
505,"15,64"
506,"16,13"
507,"16,13"
508,"16,13"
509,"15,64"
510,"15,64"
511,"16,13"
512,"15,64"
513,"15,64"
514,"15,64"
515,"15,64"
516,"15,64"
517,"16,13"
518,"16,13"
519,"15,64"
520,"15,64"
521,"15,64"
522,"15,64"
523,"16,13"
524,"16,13"
525,"15,64"
526,"15,64"
527,"15,64"
528,"15,64"
529,"15,64"
530,"15,64"
531,"15,64"
532,"16,13"
533,"16,13"
534,"15,64"
535,"16,13"
536,"16,13"
537,"15,64"
538,"16,13"
539,"15,64"
540,"15,64"
541,"15,64"
542,"15,64"
543,"15,64"
544,"15,64"
545,"15,64"
546,"16,13"
547,"15,64"
548,"16,13"
549,"16,13"
550,"16,13"
551,"15,64"
552,"15,64"
553,"16,13"
554,"15,64"
555,"15,64"
556,"16,13"
557,"15,64"
558,"15,64"
559,"15,64"
560,"15,64"
561,"15,64"
562,"15,64"
563,"15,64"
564,"15,64"
565,"15,64"
566,"15,64"
567,"15,64"
568,"15,64"
569,"15,15"
570,"15,64"
571,"15,64"
572,"15,64"
573,"15,64"
574,"15,64"
575,"15,64"
576,"15,64"
577,"15,64"
578,"15,64"
579,"15,64"
580,"15,64"
581,"15,64"
582,"15,64"
583,"15,64"
584,"15,64"
585,"15,64"
586,"15,64"
587,"15,64"
588,"15,64"
589,"15,64"
590,"15,64"
591,"15,15"
592,"15,64"
593,"15,64"
594,"15,64"
595,"15,64"
596,"15,64"
597,"15,64"
598,"15,15"
599,"15,64"
600,"15,64"
601,"15,64"
602,"15,64"
603,"15,64"
604,"15,64"
605,"15,64"
606,"15,64"
607,"15,64"
608,"15,15"
609,"15,64"
610,"15,15"
611,"15,64"
612,"15,64"
613,"15,64"
614,"15,64"
615,"15,64"
616,"15,64"
617,"15,64"
618,"15,64"
619,"15,64"
620,"15,64"
621,"15,64"
622,"15,64"
623,"15,64"
624,"15,15"
625,"15,64"
626,"15,64"
627,"15,64"
628,"15,64"
629,"15,15"
630,"15,15"
631,"15,15"
632,"15,64"
633,"15,15"
634,"15,64"
635,"15,15"
636,"15,64"
637,"15,64"
638,"15,64"
639,"15,64"
640,"15,64"
641,"15,64"
642,"15,15"
643,"15,64"
644,"15,64"
645,"15,15"
646,"15,64"
647,"15,64"
648,"15,64"
649,"15,64"
650,"15,64"
651,"15,64"
652,"15,15"
653,"15,64"
654,"15,64"
655,"15,15"
656,"15,15"
657,"15,64"
658,"15,15"
659,"15,64"
660,"15,64"
661,"15,64"
662,"15,15"
663,"15,64"
664,"15,15"
665,"15,15"
666,"15,64"
667,"15,15"
668,"15,64"
669,"15,15"
670,"15,15"
671,"15,15"
672,"15,15"
673,"15,64"
674,"15,64"
675,"15,15"
676,"15,15"
677,"15,64"
678,"15,15"
679,"15,15"
680,"15,64"
681,"15,64"
682,"15,64"
683,"15,64"
684,"15,15"
685,"15,64"
686,"15,15"
687,"15,15"
688,"15,15"
689,"15,15"
690,"15,15"
691,"15,15"
692,"15,15"
693,"15,15"
694,"14,66"
695,"14,66"
696,"15,15"
697,"15,15"
698,"15,15"
699,"14,66"
700,"14,66"
701,"14,66"
702,"15,15"
703,"15,15"
704,"15,15"
705,"15,15"
706,"14,66"
707,"14,66"
708,"15,15"
709,"15,15"
710,"15,15"
711,"14,66"
712,"15,15"
713,"15,15"
714,"15,15"
715,"15,15"
716,"15,15"
717,"15,15"
718,"15,15"
719,"15,15"
720,"15,15"
721,"15,64"
722,"15,15"
723,"15,15"
724,"15,15"
725,"15,15"
726,"15,15"
727,"15,15"
728,"15,15"
729,"15,15"
730,"15,64"
731,"15,15"
732,"15,15"
733,"15,15"
734,"15,15"
735,"15,15"
736,"15,15"
737,"15,15"
738,"15,15"
739,"15,15"
740,"15,15"
741,"15,15"
742,"15,15"
743,"15,15"
744,"15,15"
745,"15,15"
746,"15,15"
747,"15,15"
748,"15,15"
749,"15,15"
750,"15,15"
751,"15,15"
752,"15,15"
753,"15,15"
754,"15,15"
755,"15,15"
756,"15,15"
757,"15,15"
758,"15,15"
759,"15,15"
760,"15,15"
761,"15,15"
762,"15,15"
763,"15,15"
764,"15,15"
765,"15,15"
766,"15,15"
767,"14,66"
768,"15,15"
769,"15,15"
770,"15,15"
771,"15,15"
772,"15,15"
773,"15,15"
774,"15,15"
775,"15,15"
776,"15,15"
777,"15,64"
778,"15,15"
779,"15,15"
780,"15,15"
781,"15,64"
782,"15,15"
783,"15,15"
784,"15,15"
785,"15,15"
786,"15,15"
787,"15,15"
788,"15,15"
789,"15,15"
790,"15,64"
791,"15,15"
792,"15,15"
793,"15,15"
794,"15,15"
795,"15,15"
796,"15,15"
797,"15,15"
798,"15,15"
799,"15,15"
800,"15,64"
801,"15,15"
802,"15,64"
803,"15,15"
804,"15,64"
805,"15,15"
806,"15,15"
807,"15,64"
808,"15,15"
809,"15,15"
810,"15,15"
811,"15,15"
812,"15,15"
813,"15,15"
814,"15,15"
815,"15,15"
816,"15,15"
817,"15,15"
818,"15,15"
819,"15,15"
820,"15,15"
821,"15,15"
822,"15,15"
823,"15,15"
824,"15,15"
825,"15,15"
826,"15,15"
827,"15,15"
828,"15,15"
829,"15,15"
830,"15,15"
831,"15,15"
832,"15,15"
833,"15,15"
834,"14,66"
835,"14,66"
836,"15,15"
837,"15,15"
838,"15,15"
839,"15,15"
840,"15,15"
841,"15,64"
842,"15,15"
843,"15,15"
844,"15,15"
845,"15,15"
846,"15,15"
847,"15,15"
848,"15,15"
849,"15,15"
850,"15,15"
851,"15,15"
852,"15,15"
853,"15,15"
854,"15,15"
855,"15,15"
856,"15,15"
857,"15,15"
858,"15,15"
859,"15,15"
860,"15,15"
861,"15,15"
862,"15,15"
863,"15,15"
864,"15,15"
865,"15,15"
866,"15,15"
867,"15,15"
868,"15,15"
869,"15,15"
870,"15,15"
871,"15,15"
872,"15,15"
873,"15,15"
874,"15,15"
875,"15,15"
876,"14,66"
877,"15,64"
878,"15,15"
879,"15,15"
880,"15,15"
881,"15,15"
882,"15,15"
883,"15,15"
884,"15,15"
885,"15,15"
886,"15,15"
887,"15,15"
888,"15,15"
889,"15,15"
890,"15,15"
891,"15,15"
892,"15,15"
893,"15,15"
894,"15,15"
895,"15,15"
896,"15,15"
897,"15,15"
898,"15,15"
899,"15,15"
900,"15,15"
901,"15,15"
902,"15,15"
903,"15,15"
904,"15,64"
905,"15,15"
906,"15,15"
907,"15,15"
908,"15,15"
909,"15,15"
910,"15,15"
911,"15,15"
912,"15,15"
913,"15,15"
914,"15,15"
915,"15,15"
916,"15,15"
917,"15,15"
918,"15,15"
919,"15,15"
920,"15,15"
921,"15,15"
922,"15,15"
923,"15,15"
924,"15,15"
925,"15,15"
926,"15,15"
927,"15,15"
928,"15,15"
929,"15,15"
930,"15,15"
931,"15,15"
932,"15,15"
933,"15,15"
934,"15,15"
935,"15,15"
936,"15,15"
937,"15,15"
938,"15,15"
939,"15,15"
940,"15,15"
941,"15,15"
942,"15,15"
943,"15,15"
944,"15,15"
945,"15,15"
946,"14,66"
947,"15,15"
948,"15,15"
949,"15,15"
950,"15,15"
951,"15,15"
952,"15,15"
953,"15,15"
954,"15,15"
955,"15,15"
956,"15,15"
957,"15,15"
958,"15,15"
959,"15,15"
960,"14,66"
961,"15,15"
962,"14,66"
963,"15,15"
964,"15,15"
965,"15,15"
966,"15,15"
967,"15,15"
968,"15,15"
969,"15,15"
970,"15,15"
971,"15,15"
972,"15,15"
973,"15,64"
974,"15,15"
975,"15,15"
976,"15,15"
977,"15,15"
978,"15,15"
979,"15,15"
980,"15,15"
981,"15,15"
982,"15,15"
983,"15,15"
984,"15,15"
985,"15,15"
986,"15,15"
987,"15,15"
988,"15,15"
989,"15,15"
990,"15,15"
991,"15,15"
992,"15,15"
993,"15,15"
994,"14,66"
995,"14,66"
996,"14,66"
997,"15,15"
998,"14,66"
999,"15,15"
1000,"14,66"
1001,"14,66"
1002,"14,66"
1003,"15,15"
1004,"15,15"
1005,"14,66"
1006,"15,15"
1007,"15,15"
1008,"14,66"
1009,"15,15"
1010,"14,66"
1011,"14,66"
1012,"14,66"
1013,"15,15"
1014,"14,66"
1015,"14,66"
1016,"14,66"
1017,"15,15"
1018,"14,66"
1019,"14,66"
1020,"14,66"
1021,"14,66"
1022,"14,66"
1023,"15,15"
1024,"15,15"
1025,"15,15"
1026,"14,66"
1027,"15,15"
1028,"15,15"
1029,"14,66"
1030,"15,15"
1031,"15,15"
1032,"15,15"
1033,"15,15"
1034,"15,15"
1035,"15,15"
1036,"14,66"
1037,"15,15"
1038,"15,15"
1039,"15,15"
1040,"15,15"
1041,"15,15"
1042,"14,66"
1043,"15,15"
1044,"15,15"
1045,"14,66"
1046,"15,15"
1047,"14,66"
1048,"15,15"
1049,"15,15"
1050,"15,15"
1051,"15,15"
1052,"15,15"
1053,"15,15"
1054,"15,15"
1055,"15,15"
1056,"14,66"
1057,"14,66"
1058,"14,66"
1059,"14,66"
1060,"14,66"
1061,"14,17"
1062,"14,66"
1063,"14,66"
1064,"14,66"
1065,"14,66"
1066,"14,66"
1067,"14,66"
1068,"14,66"
1069,"14,66"
1070,"14,66"
1071,"14,66"
1072,"14,66"
1073,"14,66"
1074,"14,66"
1075,"14,66"
1076,"15,15"
1077,"14,66"
1078,"14,66"
1079,"15,15"
1080,"15,15"
1081,"14,66"
1082,"15,15"
1083,"14,66"
1084,"14,66"
1085,"14,66"
1086,"15,15"
1087,"14,66"
1088,"15,15"
1089,"14,66"
1090,"14,66"
1091,"14,66"
1092,"14,66"
1093,"14,66"
1094,"14,66"
1095,"14,66"
1096,"14,66"
1097,"15,15"
1098,"15,15"
1099,"15,15"
1100,"15,15"
1101,"14,66"
1102,"15,15"
1103,"14,66"
1104,"15,15"
1105,"15,15"
1106,"15,15"
1107,"15,15"
1108,"15,15"
1109,"15,15"
1110,"14,66"
1111,"15,15"
1112,"15,15"
1113,"15,15"
1114,"15,15"
1115,"14,66"
1116,"14,66"
1117,"14,66"
1118,"14,66"
1119,"15,15"
1120,"14,66"
1121,"14,66"
1122,"14,66"
1123,"14,66"
1124,"14,66"
1125,"14,66"
1126,"14,66"
1127,"14,66"
1128,"14,66"
1129,"14,66"
1130,"14,66"
1131,"14,66"
1132,"14,66"
1133,"14,66"
1134,"14,66"
1135,"15,15"
1136,"14,66"
1137,"14,66"
1138,"14,66"
1139,"14,66"
1140,"14,66"
1141,"14,66"
1142,"15,15"
1143,"14,66"
1144,"15,15"
1145,"14,66"
1146,"14,66"
1147,"14,66"
1148,"14,66"
1149,"14,66"
1150,"14,66"
1151,"14,66"
1152,"14,66"
1153,"14,66"
1154,"14,66"
1155,"14,66"
1156,"14,66"
1157,"14,66"
1158,"14,66"
1159,"14,66"
1160,"14,66"
1161,"14,66"
1162,"14,66"
1163,"14,66"
1164,"14,66"
1165,"14,66"
1166,"14,66"
1167,"14,66"
1168,"14,66"
1169,"14,66"
1170,"14,66"
1171,"14,66"
1172,"14,66"
1173,"15,15"
1174,"15,15"
1175,"14,66"
1176,"14,66"
1177,"14,66"
1178,"14,66"
1179,"14,66"
1180,"14,66"
1181,"14,66"
1182,"14,66"
1183,"14,66"
1184,"14,66"
1185,"14,66"
1186,"14,66"
1187,"14,66"
1188,"14,66"
1189,"14,66"
1190,"14,66"
1191,"14,66"
1192,"15,15"
1193,"14,66"
1194,"14,66"
1195,"14,66"
1196,"14,66"
1197,"14,66"
1198,"14,66"
1199,"14,66"
1200,"15,15"
1201,"15,15"
1202,"14,66"
1203,"14,66"
1204,"14,66"
1205,"14,17"
1206,"14,17"
1207,"14,66"
1208,"14,66"
1209,"14,66"
1210,"14,66"
1211,"14,17"
1212,"14,66"
1213,"14,66"
1214,"14,66"
1215,"14,66"
1216,"14,66"
1217,"14,66"
1218,"14,17"
1219,"14,17"
1220,"14,66"
1221,"14,66"
1222,"14,66"
1223,"14,66"
1224,"14,66"
1225,"14,66"
1226,"14,66"
1227,"14,66"
1228,"14,17"
1229,"14,17"
1230,"14,66"
1231,"14,17"
1232,"14,66"
1233,"14,66"
1234,"14,66"
1235,"14,17"
1236,"14,66"
1237,"14,66"
1238,"14,66"
1239,"14,66"
1240,"14,66"
1241,"14,17"
1242,"14,66"
1243,"14,17"
1244,"14,17"
1245,"14,17"
1246,"14,66"
1247,"14,66"
1248,"14,66"
1249,"14,17"
1250,"14,66"
1251,"14,66"
1252,"14,17"
1253,"14,17"
1254,"14,66"
1255,"14,66"
1256,"14,66"
1257,"14,66"
1258,"14,17"
1259,"14,66"
1260,"14,17"
1261,"14,66"
1262,"14,17"
1263,"14,66"
1264,"14,66"
1265,"14,66"
1266,"14,66"
1267,"14,17"
1268,"14,66"
1269,"14,66"
1270,"14,66"
1271,"14,66"
1272,"14,66"
1273,"14,17"
1274,"14,66"
1275,"14,66"
1276,"14,66"
1277,"14,66"
1278,"14,66"
1279,"14,66"
1280,"14,66"
1281,"14,66"
1282,"14,66"
1283,"14,17"
1284,"14,66"
1285,"14,17"
1286,"14,66"
1287,"14,66"
1288,"14,66"
1289,"14,66"
1290,"14,66"
1291,"14,66"
1292,"14,66"
1293,"14,17"
1294,"14,66"
1295,"14,66"
1296,"14,66"
1297,"14,66"
1298,"14,17"
1299,"14,66"
1300,"14,66"
1301,"14,66"
1302,"14,66"
1303,"14,17"
1304,"14,66"
1305,"14,66"
1306,"14,66"
1307,"14,66"
1308,"14,66"
1309,"14,66"
1310,"14,66"
1311,"14,17"
1312,"14,66"
1313,"14,17"
1314,"14,66"
1315,"14,66"
1316,"14,17"
1317,"14,66"
1318,"14,17"
1319,"14,66"
1320,"14,66"
1321,"14,17"
1322,"14,66"
1323,"14,17"
1324,"14,17"
1325,"14,17"
1326,"14,66"
1327,"14,66"
1328,"14,66"
1329,"14,66"
1330,"14,17"
1331,"14,66"
1332,"14,66"
1333,"14,17"
1334,"14,66"
1335,"14,17"
1336,"14,66"
1337,"14,17"
1338,"14,66"
1339,"14,17"
1340,"14,17"
1341,"14,17"
1342,"14,17"
1343,"14,17"
1344,"14,17"
1345,"14,17"
1346,"14,17"
1347,"14,17"
1348,"14,17"
1349,"14,17"
1350,"14,17"
1351,"14,17"
1352,"14,17"
1353,"14,17"
1354,"14,17"
1355,"14,17"
1356,"14,17"
1357,"14,17"
1358,"14,17"
1359,"14,17"
1360,"14,17"
1361,"14,17"
1362,"14,17"
1363,"14,17"
1364,"14,17"
1365,"14,17"
1366,"14,17"
1367,"14,17"
1368,"14,17"
1369,"14,17"
1370,"14,17"
1371,"14,17"
1372,"13,69"
1373,"14,17"
1374,"13,69"
1375,"14,17"
1376,"14,17"
1377,"13,69"
1378,"13,69"
1379,"13,69"
1380,"13,69"
1381,"13,69"
1382,"14,17"
1383,"14,17"
1384,"14,17"
1385,"14,17"
1386,"14,17"
1387,"14,17"
1388,"14,17"
1389,"14,17"
1390,"14,17"
1391,"14,66"
1392,"14,17"
1393,"14,17"
1394,"14,17"
1395,"14,17"
1396,"14,17"
1397,"14,66"
1398,"14,17"
1399,"14,17"
1400,"14,17"
1401,"14,17"
1402,"14,66"
1403,"14,17"
1404,"14,17"
1405,"14,66"
1406,"14,17"
1407,"14,17"
1408,"14,17"
1409,"14,17"
1410,"14,17"
1411,"14,66"
1412,"14,17"
1413,"14,17"
1414,"14,17"
1415,"14,17"
1416,"14,66"
1417,"14,17"
1418,"14,17"
1419,"14,17"
1420,"14,17"
1421,"14,66"
1422,"14,17"
1423,"14,17"
1424,"14,66"
1425,"14,66"
1426,"14,17"
1427,"14,17"
1428,"14,17"
1429,"14,17"
1430,"14,17"
1431,"13,69"
1432,"14,17"
1433,"14,17"
1434,"14,17"
1435,"14,17"
1436,"14,17"
1437,"14,17"
1438,"14,17"
1439,"14,17"
1440,"14,17"
1441,"14,17"
1442,"14,17"
1443,"14,17"
1444,"14,17"
1445,"14,17"
1446,"14,17"
1447,"14,17"
1448,"14,17"
1449,"14,17"
1450,"14,17"
1451,"14,17"
1452,"14,17"
1453,"14,17"
1454,"14,17"
1455,"14,17"
1456,"14,17"
1457,"14,17"
1458,"14,66"
1459,"14,17"
1460,"14,17"
1461,"14,17"
1462,"14,17"
1463,"14,17"
1464,"14,17"
1465,"14,17"
1466,"14,17"
1467,"14,66"
1468,"14,66"
1469,"14,17"
1470,"14,17"
1471,"14,17"
1472,"14,17"
1473,"14,17"
1474,"14,66"
1475,"14,17"
1476,"14,17"
1477,"14,17"
1478,"14,17"
1479,"14,17"
1480,"14,17"
1481,"13,69"
1482,"13,69"
1483,"14,17"
1484,"14,17"
1485,"14,17"
1486,"13,69"
1487,"14,17"
1488,"14,17"
1489,"14,17"
1490,"14,17"
1491,"14,17"
1492,"14,17"
1493,"14,17"
1494,"14,17"
1495,"14,17"
1496,"14,17"
1497,"14,17"
1498,"14,17"
1499,"14,17"
1500,"13,69"
1501,"14,17"
1502,"14,17"
1503,"14,17"
1504,"14,17"
1505,"14,17"
1506,"14,17"
1507,"14,17"
1508,"14,17"
1509,"14,17"
1510,"14,66"
1511,"14,17"
1512,"14,17"
1513,"14,17"
1514,"14,17"
1515,"14,17"
1516,"14,17"
1517,"14,17"
1518,"14,17"
1519,"14,17"
1520,"14,17"
1521,"14,17"
1522,"14,17"
1523,"14,17"
1524,"14,66"
1525,"14,66"
1526,"14,17"
1527,"14,17"
1528,"14,17"
1529,"14,66"
1530,"14,17"
1531,"14,17"
1532,"14,17"
1533,"14,17"
1534,"14,17"
1535,"14,66"
1536,"14,17"
1537,"14,17"
1538,"14,17"
1539,"14,17"
1540,"14,66"
1541,"14,66"
1542,"14,17"
1543,"14,17"
1544,"14,17"
1545,"14,17"
1546,"14,17"
1547,"14,17"
1548,"14,17"
1549,"14,17"
1550,"14,17"
1551,"14,17"
1552,"14,17"
1553,"13,69"
1554,"13,69"
1555,"14,17"
1556,"13,69"
1557,"14,17"
1558,"14,17"
1559,"14,17"
1560,"14,17"
1561,"14,17"
1562,"14,17"
1563,"14,17"
1564,"14,17"
1565,"14,17"
1566,"14,17"
1567,"14,17"
1568,"14,17"
1569,"14,17"
1570,"14,17"
1571,"14,17"
1572,"14,17"
1573,"14,17"
1574,"14,17"
1575,"14,17"
1576,"14,17"
1577,"14,17"
1578,"14,17"
1579,"14,17"
1580,"14,17"
1581,"14,17"
1582,"14,17"
1583,"14,17"
1584,"14,17"
1585,"14,17"
1586,"14,17"
1587,"14,17"
1588,"14,17"
1589,"14,17"
1590,"14,17"
1591,"14,17"
1592,"14,17"
1593,"14,17"
1594,"14,17"
1595,"14,17"
1596,"14,17"
1597,"14,17"
1598,"13,69"
1599,"14,17"
1600,"14,17"
1601,"14,17"
1602,"14,17"
1603,"14,17"
1604,"14,17"
1605,"14,17"
1606,"13,69"
1607,"14,17"
1608,"14,17"
1609,"14,17"
1610,"13,69"
1611,"14,17"
1612,"14,17"
1613,"14,17"
1614,"14,17"
1615,"14,17"
1616,"14,17"
1617,"14,17"
1618,"14,17"
1619,"14,17"
1620,"14,17"
1621,"14,17"
1622,"14,17"
1623,"14,17"
1624,"14,17"
1625,"14,17"
1626,"14,17"
1627,"14,17"
1628,"14,17"
1629,"14,66"
1630,"14,66"
1631,"14,17"
1632,"13,69"
1633,"14,17"
1634,"14,17"
1635,"14,17"
1636,"14,17"
1637,"14,17"
1638,"14,17"
1639,"14,17"
1640,"14,17"
1641,"14,17"
1642,"14,17"
1643,"14,17"
1644,"14,17"
1645,"14,17"
1646,"14,17"
1647,"14,17"
1648,"14,17"
1649,"14,17"
1650,"14,17"
1651,"14,17"
1652,"14,17"
1653,"14,17"
1654,"14,17"
1655,"13,69"
1656,"14,17"
1657,"14,17"
1658,"14,17"
1659,"14,17"
1660,"14,17"
1661,"14,17"
1662,"14,17"
1663,"14,17"
1664,"14,17"
1665,"14,17"
1666,"14,17"
1667,"13,69"
1668,"14,17"
1669,"13,69"
1670,"14,17"
1671,"13,69"
1672,"14,17"
1673,"14,17"
1674,"13,69"
1675,"14,17"
1676,"14,17"
1677,"14,17"
1678,"13,69"
1679,"14,17"
1680,"13,69"
1681,"14,17"
1682,"13,69"
1683,"14,17"
1684,"14,17"
1685,"14,17"
1686,"13,69"
1687,"14,17"
1688,"14,17"
1689,"14,17"
1690,"14,17"
1691,"14,17"
1692,"14,17"
1693,"14,17"
1694,"14,17"
1695,"13,69"
1696,"14,17"
1697,"13,69"
1698,"14,17"
1699,"13,69"
1700,"13,69"
1701,"13,69"
1702,"13,69"
1703,"14,17"
1704,"13,69"
1705,"13,69"
1706,"13,69"
1707,"14,17"
1708,"14,17"
1709,"14,17"
1710,"13,69"
1711,"14,17"
1712,"14,17"
1713,"14,17"
1714,"14,17"
1715,"13,69"
1716,"13,69"
1717,"13,69"
1718,"13,69"
1719,"13,69"
1720,"13,69"
1721,"13,69"
1722,"13,69"
1723,"13,69"
1724,"13,69"
1725,"13,69"
1726,"13,69"
1727,"13,69"
1728,"14,17"
1729,"13,69"
1730,"13,69"
1731,"13,69"
1732,"13,69"
1733,"13,69"
1734,"13,69"
1735,"13,69"
1736,"13,69"
1737,"13,69"
1738,"14,17"
1739,"13,69"
1740,"14,17"
1741,"13,69"
1742,"13,69"
1743,"13,69"
1744,"13,69"
1745,"13,69"
1746,"13,69"
1747,"13,69"
1748,"13,69"
1749,"13,69"
1750,"13,69"
1751,"13,69"
1752,"13,69"
1753,"13,69"
1754,"13,69"
1755,"13,69"
1756,"13,69"
1757,"13,69"
1758,"13,69"
1759,"13,69"
1760,"13,69"
1761,"13,69"
1762,"13,69"
1763,"13,69"
1764,"13,69"
1765,"13,69"
1766,"13,69"
1767,"13,69"
1768,"13,69"
1769,"13,69"
1770,"13,2"
1771,"13,69"
1772,"13,2"
1773,"13,69"
1774,"13,69"
1775,"13,69"
1776,"13,69"
1777,"13,69"
1778,"13,69"
1779,"13,69"
1780,"13,69"
1781,"13,69"
1782,"13,69"
1783,"13,69"
1784,"13,69"
1785,"13,69"
1786,"13,69"
1787,"13,69"
1788,"13,69"
1789,"13,69"
1790,"13,2"
1791,"13,69"
1792,"13,69"
1793,"13,69"
1794,"13,69"
1795,"13,69"
1796,"13,69"
1797,"13,69"
1798,"13,69"
1799,"13,69"
1800,"13,69"
1801,"13,69"
1802,"13,69"
1803,"13,69"
1804,"13,69"
1805,"13,69"
1806,"13,69"
1807,"13,69"
1808,"13,69"
1809,"13,69"
1810,"13,2"
1811,"13,69"
1812,"13,69"
1813,"13,2"
1814,"13,69"
1815,"13,69"
1816,"13,69"
1817,"13,69"
1818,"13,69"
1819,"13,69"
1820,"13,69"
1821,"13,2"
1822,"13,69"
1823,"13,69"
1824,"13,69"
1825,"13,69"
1826,"13,69"
1827,"13,69"
1828,"13,69"
1829,"13,69"
1830,"13,69"
1831,"13,69"
1832,"13,69"
1833,"13,69"
1834,"13,69"
1835,"13,69"
1836,"13,69"
1837,"13,69"
1838,"13,2"
1839,"13,2"
1840,"13,69"
1841,"13,69"
1842,"13,69"
1843,"13,69"
1844,"13,69"
1845,"13,2"
1846,"13,69"
1847,"13,69"
1848,"13,69"
1849,"13,69"
1850,"13,69"
1851,"13,69"
1852,"13,69"
1853,"13,69"
1854,"13,2"
1855,"13,2"
1856,"13,69"
1857,"13,69"
1858,"13,69"
1859,"13,69"
1860,"13,2"
1861,"13,2"
1862,"13,69"
1863,"13,69"
1864,"13,69"
1865,"13,69"
1866,"13,69"
1867,"13,69"
1868,"13,2"
1869,"13,2"
1870,"13,2"
1871,"13,2"
1872,"13,2"
1873,"13,69"
1874,"13,2"
1875,"13,2"
1876,"13,69"
1877,"13,69"
1878,"13,69"
1879,"13,2"
1880,"13,69"
1881,"13,2"
1882,"13,2"
1883,"13,2"
1884,"13,2"
1885,"13,2"
1886,"13,2"
1887,"13,69"
1888,"13,69"
1889,"13,2"
1890,"13,69"
1891,"13,2"
1892,"13,2"
1893,"13,2"
1894,"13,2"
1895,"13,2"
1896,"13,69"
1897,"13,2"
1898,"13,69"
1899,"13,2"
1900,"13,2"
1901,"13,2"
1902,"13,2"
1903,"12,71"
1904,"12,71"
1905,"13,2"
1906,"13,2"
1907,"13,2"
1908,"13,2"
1909,"13,2"
1910,"13,2"
1911,"13,69"
1912,"13,2"
1913,"13,2"
1914,"13,2"
1915,"13,2"
1916,"13,2"
1917,"13,2"
1918,"13,2"
1919,"13,2"
1920,"13,2"
1921,"13,2"
1922,"13,2"
1923,"13,2"
1924,"13,2"
1925,"13,69"
1926,"13,2"
1927,"13,2"
1928,"13,2"
1929,"13,2"
1930,"13,69"
1931,"13,69"
1932,"12,71"
1933,"13,2"
1934,"13,2"
1935,"13,69"
1936,"13,69"
1937,"13,2"
1938,"13,69"
1939,"13,2"
1940,"13,2"
1941,"13,69"
1942,"13,69"
1943,"13,69"
1944,"13,69"
1945,"13,2"
1946,"13,2"
1947,"13,2"
1948,"13,2"
1949,"13,2"
1950,"12,71"
1951,"13,2"
1952,"13,2"
1953,"12,71"
1954,"13,2"
1955,"13,2"
1956,"13,2"
1957,"13,2"
1958,"13,2"
1959,"13,2"
1960,"13,2"
1961,"13,69"
1962,"13,2"
1963,"13,2"
1964,"13,69"
1965,"13,2"
1966,"13,69"
1967,"13,69"
1968,"13,2"
1969,"13,2"
1970,"13,2"
1971,"13,2"
1972,"13,69"
1973,"13,69"
1974,"13,2"
1975,"13,2"
1976,"13,2"
1977,"13,2"
1978,"13,2"
1979,"13,69"
1980,"13,69"
1981,"13,69"
1982,"13,2"
1983,"13,69"
1984,"13,69"
1985,"13,2"
1986,"13,2"
1987,"13,2"
1988,"13,69"
1989,"13,69"
1990,"13,2"
1991,"13,69"
1992,"13,69"
1993,"13,2"
1994,"13,69"
1995,"13,2"
1996,"13,2"
1997,"13,69"
1998,"13,2"
1999,"13,69"
2000,"13,69"
2001,"13,2"
2002,"13,69"
2003,"13,2"
2004,"13,2"
2005,"13,69"
2006,"13,2"
2007,"13,69"
2008,"13,69"
2009,"13,69"
2010,"13,69"
2011,"13,69"
2012,"13,69"
2013,"13,2"
2014,"13,69"
2015,"13,2"
2016,"13,69"
2017,"13,69"
2018,"13,69"
2019,"13,69"
2020,"13,69"
2021,"13,2"
2022,"13,2"
2023,"13,2"
2024,"13,2"
2025,"13,2"
2026,"13,2"
2027,"13,2"
2028,"13,2"
2029,"13,69"
2030,"13,69"
2031,"13,2"
2032,"13,69"
2033,"13,2"
2034,"13,69"
2035,"13,2"
2036,"13,69"
2037,"13,69"
2038,"13,2"
2039,"13,69"
2040,"13,2"
2041,"13,69"
2042,"13,2"
2043,"13,2"
2044,"13,69"
2045,"13,2"
2046,"13,2"
2047,"13,69"
2048,"13,2"
2049,"13,2"
2050,"13,2"
2051,"13,2"
2052,"13,2"
2053,"13,2"
2054,"13,2"
2055,"13,2"
2056,"13,2"
2057,"13,2"
2058,"13,2"
2059,"13,2"
2060,"13,2"
2061,"13,69"
2062,"13,2"
2063,"13,2"
2064,"13,69"
2065,"13,2"
2066,"13,2"
2067,"13,69"
2068,"13,2"
2069,"13,69"
2070,"13,2"
2071,"13,2"
2072,"13,2"
2073,"13,2"
2074,"13,2"
2075,"13,2"
2076,"13,2"
2077,"13,2"
2078,"13,2"
2079,"13,2"
2080,"13,2"
2081,"13,69"
2082,"13,2"
2083,"13,2"
2084,"13,2"
2085,"13,69"
2086,"13,2"
2087,"13,2"
2088,"13,69"
2089,"13,2"
2090,"13,2"
2091,"13,2"
2092,"13,69"
2093,"13,69"
2094,"13,2"
2095,"13,2"
2096,"13,2"
2097,"13,2"
2098,"13,2"
2099,"13,2"
2100,"13,2"
2101,"13,2"
2102,"13,2"
2103,"13,2"
2104,"13,2"
2105,"13,2"
2106,"13,2"
2107,"13,2"
2108,"13,2"
2109,"13,2"
2110,"13,2"
2111,"13,2"
2112,"13,69"
2113,"13,2"
2114,"13,2"
2115,"13,2"
2116,"13,69"
2117,"13,2"
2118,"13,2"
2119,"13,69"
2120,"13,2"
2121,"13,69"
2122,"13,2"
2123,"13,2"
2124,"13,2"
2125,"13,2"
2126,"12,71"
2127,"12,71"
2128,"13,2"
2129,"12,71"
2130,"12,71"
2131,"13,2"
2132,"13,2"
2133,"13,2"
2134,"13,2"
2135,"13,2"
2136,"13,2"
2137,"12,71"
2138,"13,2"
2139,"13,2"
2140,"13,2"
2141,"13,2"
2142,"13,2"
2143,"13,2"
2144,"12,71"
2145,"12,71"
2146,"13,2"
2147,"13,2"
2148,"13,2"
2149,"13,2"
2150,"12,71"
2151,"13,2"
2152,"13,2"
2153,"13,2"
2154,"13,2"
2155,"13,2"
2156,"13,2"
2157,"13,2"
2158,"12,71"
2159,"12,71"
2160,"12,71"
2161,"12,71"
2162,"12,71"
2163,"13,2"
2164,"12,71"
2165,"13,2"
2166,"13,2"
2167,"12,71"
2168,"12,71"
2169,"13,2"
2170,"12,71"
2171,"12,71"
2172,"12,71"
2173,"12,71"
2174,"12,71"
2175,"13,2"
2176,"12,71"
2177,"13,2"
2178,"12,71"
2179,"13,2"
2180,"12,71"
2181,"12,71"
2182,"12,71"
2183,"12,71"
2184,"13,2"
2185,"12,71"
2186,"12,71"
2187,"13,2"
2188,"12,71"
2189,"13,2"
2190,"12,71"
2191,"12,71"
2192,"13,2"
2193,"12,71"
2194,"12,71"
2195,"12,71"
2196,"13,2"
2197,"13,2"
2198,"12,71"
2199,"12,71"
2200,"12,71"
2201,"12,71"
2202,"12,71"
2203,"12,71"
2204,"12,71"
2205,"13,2"
2206,"12,71"
2207,"12,71"
2208,"12,71"
2209,"12,71"
2210,"13,2"
2211,"12,71"
2212,"13,2"
2213,"12,71"
2214,"13,2"
2215,"12,71"
2216,"13,2"
2217,"13,2"
2218,"12,71"
2219,"12,71"
2220,"12,71"
2221,"12,71"
2222,"12,71"
2223,"12,71"
2224,"12,71"
2225,"13,2"
2226,"12,71"
2227,"12,71"
2228,"12,71"
2229,"13,2"
2230,"12,71"
2231,"13,2"
2232,"12,71"
2233,"12,71"
2234,"12,71"
2235,"12,71"
2236,"13,2"
2237,"12,71"
2238,"12,71"
2239,"12,71"
2240,"12,71"
2241,"12,71"
2242,"13,2"
2243,"12,71"
2244,"12,71"
2245,"12,71"
2246,"12,71"
2247,"12,71"
2248,"12,71"
2249,"12,71"
2250,"12,71"
2251,"12,71"
2252,"13,2"
2253,"12,71"
2254,"12,71"
2255,"12,71"
2256,"13,2"
2257,"13,2"
2258,"12,71"
2259,"13,2"
2260,"12,71"
2261,"12,71"
2262,"12,71"
2263,"12,71"
2264,"12,71"
2265,"12,71"
2266,"13,2"
2267,"13,2"
2268,"12,71"
2269,"12,71"
2270,"12,71"
2271,"13,2"
2272,"12,71"
2273,"12,71"
2274,"12,71"
2275,"12,71"
2276,"12,71"
2277,"12,71"
2278,"12,71"
2279,"12,71"
2280,"12,71"
2281,"12,71"
2282,"12,71"
2283,"12,71"
2284,"12,71"
2285,"12,71"
2286,"12,71"
2287,"12,71"
2288,"12,71"
2289,"12,71"
2290,"12,71"
2291,"12,71"
2292,"12,71"
2293,"12,71"
2294,"12,71"
2295,"12,71"
2296,"12,71"
2297,"12,71"
2298,"12,71"
2299,"12,71"
2300,"12,71"
2301,"12,71"
2302,"12,71"
2303,"12,71"
2304,"12,71"
2305,"12,71"
2306,"12,71"
2307,"12,71"
2308,"12,71"
2309,"12,71"
2310,"12,71"
2311,"12,71"
2312,"12,71"
2313,"12,71"
2314,"12,71"
2315,"12,71"
2316,"12,71"
2317,"12,71"
2318,"12,71"
2319,"12,71"
2320,"12,22"
2321,"13,2"
2322,"12,71"
2323,"12,71"
2324,"12,71"
2325,"12,71"
2326,"12,71"
2327,"12,71"
2328,"12,71"
2329,"12,71"
2330,"12,71"
2331,"12,71"
2332,"12,71"
2333,"12,71"
2334,"12,71"
2335,"12,71"
2336,"12,71"
2337,"12,71"
2338,"12,71"
2339,"12,71"
2340,"12,71"
2341,"12,71"
2342,"12,71"
2343,"12,71"
2344,"12,71"
2345,"12,71"
2346,"12,71"
2347,"12,71"
2348,"12,71"
2349,"12,71"
2350,"12,71"
2351,"12,71"
2352,"12,71"
2353,"12,71"
2354,"12,71"
2355,"12,22"
2356,"12,71"
2357,"12,71"
2358,"12,71"
2359,"12,71"
2360,"12,22"
2361,"12,71"
2362,"12,71"
2363,"12,71"
2364,"12,71"
2365,"12,22"
2366,"12,71"
2367,"12,71"
2368,"12,71"
2369,"12,71"
2370,"12,71"
2371,"12,71"
2372,"12,71"
2373,"12,71"
2374,"12,71"
2375,"12,71"
2376,"12,71"
2377,"12,22"
2378,"12,71"
2379,"12,22"
2380,"12,71"
2381,"12,71"
2382,"12,71"
2383,"12,71"
2384,"12,71"
2385,"12,71"
2386,"12,71"
2387,"12,71"
2388,"12,22"
2389,"12,71"
2390,"12,71"
2391,"12,71"
2392,"12,22"
2393,"12,71"
2394,"12,22"
2395,"12,22"
2396,"12,71"
2397,"12,22"
2398,"12,22"
2399,"12,71"
2400,"12,71"
2401,"12,71"
2402,"12,71"
2403,"12,71"
2404,"12,71"
2405,"12,71"
2406,"12,71"
2407,"12,71"
2408,"12,71"
2409,"12,22"
2410,"12,71"
2411,"12,71"
2412,"12,71"
2413,"12,71"
2414,"12,22"
2415,"12,71"
2416,"12,71"
2417,"12,71"
2418,"12,71"
2419,"12,71"
2420,"12,22"
2421,"12,22"
2422,"12,71"
2423,"12,71"
2424,"12,71"
2425,"12,71"
2426,"12,71"
2427,"12,71"
2428,"12,71"
2429,"12,71"
2430,"12,71"
2431,"12,71"
2432,"12,22"
2433,"12,71"
2434,"12,22"
2435,"12,71"
2436,"12,71"
2437,"12,22"
2438,"12,71"
2439,"12,22"
2440,"12,71"
2441,"12,71"
2442,"12,71"
2443,"12,22"
2444,"12,22"
2445,"12,71"
2446,"12,71"
2447,"12,71"
2448,"12,22"
2449,"12,71"
2450,"12,71"
2451,"12,71"
2452,"12,71"
2453,"12,71"
2454,"12,22"
2455,"12,71"
2456,"12,71"
2457,"12,71"
2458,"12,71"
2459,"12,71"
2460,"12,71"
2461,"12,22"
2462,"12,71"
2463,"12,22"
2464,"12,71"
2465,"12,71"
2466,"12,71"
2467,"12,71"
2468,"12,71"
2469,"12,71"
2470,"12,71"
2471,"12,71"
2472,"12,71"
2473,"12,71"
2474,"12,71"
2475,"12,71"
2476,"12,71"
2477,"12,71"
2478,"12,71"
2479,"12,22"
2480,"12,71"
2481,"12,71"
2482,"12,71"
2483,"12,22"
2484,"12,71"
2485,"12,22"
2486,"12,71"
2487,"12,22"
2488,"12,71"
2489,"12,22"
2490,"12,22"
2491,"12,22"
2492,"12,71"
2493,"12,71"
2494,"12,71"
2495,"12,22"
2496,"12,22"
2497,"12,71"
2498,"12,22"
2499,"12,71"
2500,"12,22"
2501,"12,71"
2502,"12,22"
2503,"12,22"
2504,"12,71"
2505,"12,22"
2506,"12,71"
2507,"12,71"
2508,"12,71"
2509,"12,71"
2510,"12,71"
2511,"12,22"
2512,"12,71"
2513,"12,22"
2514,"12,71"
2515,"12,71"
2516,"12,71"
2517,"12,71"
2518,"12,71"
2519,"12,71"
2520,"12,71"
2521,"12,71"
2522,"12,22"
2523,"12,71"
2524,"12,71"
2525,"12,71"
2526,"12,71"
2527,"12,71"
2528,"12,71"
2529,"12,22"
2530,"12,22"
2531,"12,22"
2532,"12,22"
2533,"12,22"
2534,"12,22"
2535,"12,22"
2536,"12,22"
2537,"12,71"
2538,"12,22"
2539,"12,22"
2540,"12,71"
2541,"12,22"
2542,"12,71"
2543,"12,22"
2544,"12,22"
2545,"12,71"
2546,"12,71"
2547,"12,71"
2548,"12,22"
2549,"12,71"
2550,"12,22"
2551,"12,71"
2552,"12,22"
2553,"12,71"
2554,"12,71"
2555,"12,22"
2556,"12,22"
2557,"12,22"
2558,"12,71"
2559,"12,71"
2560,"12,22"
2561,"12,22"
2562,"12,22"
2563,"12,22"
2564,"12,22"
2565,"11,73"
2566,"11,73"
2567,"11,73"
2568,"12,22"
2569,"12,22"
2570,"11,73"
2571,"12,22"
2572,"12,22"
2573,"12,22"
2574,"12,22"
2575,"12,22"
2576,"12,22"
2577,"12,22"
2578,"12,22"
2579,"12,71"
2580,"12,22"
2581,"12,22"
2582,"12,22"
2583,"12,22"
2584,"12,22"
2585,"12,22"
2586,"12,71"
2587,"12,22"
2588,"12,22"
2589,"12,22"
2590,"12,22"
2591,"12,22"
2592,"12,22"
2593,"12,22"
2594,"12,22"
2595,"12,71"
2596,"12,22"
2597,"12,71"
2598,"12,71"
2599,"12,22"
2600,"12,71"
2601,"12,22"
2602,"12,71"
2603,"12,22"
2604,"12,22"
2605,"12,22"
2606,"12,22"
2607,"12,22"
2608,"12,22"
2609,"12,71"
2610,"12,22"
2611,"12,22"
2612,"12,22"
2613,"12,22"
2614,"12,71"
2615,"12,22"
2616,"12,22"
2617,"12,22"
2618,"12,71"
2619,"12,71"
2620,"12,22"
2621,"12,71"
2622,"12,71"
2623,"12,22"
2624,"12,22"
2625,"12,71"
2626,"12,22"
2627,"12,71"
2628,"12,71"
2629,"12,22"
2630,"12,22"
2631,"12,71"
2632,"12,22"
2633,"12,71"
2634,"12,71"
2635,"12,71"
2636,"12,22"
2637,"12,71"
2638,"12,22"
2639,"12,71"
2640,"12,71"
2641,"12,71"
2642,"12,71"
2643,"12,71"
2644,"12,22"
2645,"12,71"
2646,"12,22"
2647,"12,71"
2648,"12,22"
2649,"12,22"
2650,"12,71"
2651,"12,71"
2652,"12,71"
2653,"12,22"
2654,"12,22"
2655,"12,22"
2656,"12,22"
2657,"12,71"
2658,"12,71"
2659,"12,22"
2660,"12,71"
2661,"12,22"
2662,"12,71"
2663,"12,22"
2664,"12,22"
2665,"12,22"
2666,"12,22"
2667,"12,71"
2668,"12,22"
2669,"12,71"
2670,"12,71"
2671,"12,22"
2672,"12,71"
2673,"12,22"
2674,"12,22"
2675,"12,22"
2676,"12,71"
2677,"12,22"
2678,"12,22"
2679,"12,22"
2680,"12,22"
2681,"12,71"
2682,"12,71"
2683,"12,22"
2684,"12,22"
2685,"12,22"
2686,"12,22"
2687,"12,22"
2688,"12,22"
2689,"12,22"
2690,"11,73"
2691,"12,22"
2692,"11,73"
2693,"12,22"
2694,"12,22"
2695,"12,22"
2696,"12,22"
2697,"12,22"
2698,"12,22"
2699,"12,22"
2700,"12,22"
2701,"12,71"
2702,"12,71"
2703,"12,22"
2704,"12,22"
2705,"12,22"
2706,"12,71"
2707,"12,22"
2708,"12,71"
2709,"12,22"
2710,"12,71"
2711,"12,71"
2712,"12,71"
2713,"12,22"
2714,"12,71"
2715,"12,71"
2716,"12,22"
2717,"12,22"
2718,"12,71"
2719,"12,22"
2720,"12,71"
2721,"12,22"
2722,"12,22"
2723,"12,22"
2724,"12,71"
2725,"12,22"
2726,"12,71"
2727,"12,71"
2728,"12,71"
2729,"12,71"
2730,"12,71"
2731,"12,22"
2732,"12,71"
2733,"12,22"
2734,"12,71"
2735,"12,71"
2736,"12,22"
2737,"12,22"
2738,"12,22"
2739,"12,22"
2740,"12,71"
2741,"12,22"
2742,"12,71"
2743,"12,71"
2744,"12,71"
2745,"12,71"
2746,"12,22"
2747,"12,22"
2748,"12,22"
2749,"12,22"
2750,"12,71"
2751,"12,71"
2752,"12,71"
2753,"12,71"
2754,"12,71"
2755,"12,71"
2756,"12,71"
2757,"12,22"
2758,"12,71"
2759,"12,71"
2760,"12,71"
2761,"12,22"
2762,"12,22"
2763,"12,22"
2764,"12,22"
2765,"12,22"
2766,"12,22"
2767,"12,71"
2768,"12,22"
2769,"12,22"
2770,"12,22"
2771,"12,22"
2772,"12,22"
2773,"11,73"
2774,"12,71"
2775,"12,22"
2776,"12,22"
2777,"12,71"
2778,"12,22"
2779,"12,22"
2780,"12,71"
2781,"12,71"
2782,"12,71"
2783,"12,22"
2784,"12,71"
2785,"12,22"
2786,"12,71"
2787,"12,22"
2788,"12,71"
2789,"12,22"
2790,"12,71"
2791,"12,71"
2792,"12,71"
2793,"12,22"
2794,"12,22"
2795,"12,22"
2796,"12,71"
2797,"12,22"
2798,"12,22"
2799,"12,22"
2800,"12,22"
2801,"12,22"
2802,"12,22"
2803,"12,71"
2804,"12,22"
2805,"12,22"
2806,"12,71"
2807,"12,22"
2808,"12,22"
2809,"12,22"
2810,"12,22"
2811,"12,71"
2812,"12,22"
2813,"12,22"
2814,"12,22"
2815,"12,71"
2816,"12,22"
2817,"12,22"
2818,"12,22"
2819,"12,22"
2820,"12,22"
2821,"12,22"
2822,"12,71"
2823,"12,71"
2824,"12,22"
2825,"12,22"
2826,"12,22"
2827,"12,22"
2828,"12,22"
2829,"12,22"
2830,"12,22"
2831,"12,22"
2832,"12,22"
2833,"11,73"
2834,"12,22"
2835,"12,22"
2836,"12,22"
2837,"12,22"
2838,"12,22"
2839,"12,22"
2840,"12,22"
2841,"12,22"
2842,"12,22"
2843,"12,22"
2844,"12,22"
2845,"12,71"
2846,"12,22"
2847,"12,22"
2848,"11,73"
2849,"12,22"
2850,"12,22"
2851,"12,22"
2852,"11,73"
2853,"11,73"
2854,"11,73"
2855,"12,22"
2856,"12,22"
2857,"11,73"
2858,"12,22"
2859,"12,22"
2860,"11,73"
2861,"12,22"
2862,"12,22"
2863,"11,73"
2864,"11,73"
2865,"11,73"
2866,"11,73"
2867,"12,22"
2868,"11,73"
2869,"12,22"
2870,"12,22"
2871,"11,73"
2872,"11,73"
2873,"12,22"
2874,"12,22"
2875,"11,73"
2876,"11,73"
2877,"12,22"
2878,"11,73"
2879,"11,73"
2880,"11,73"
2881,"11,73"
2882,"11,73"
2883,"11,73"
2884,"11,73"
2885,"12,22"
2886,"11,73"
2887,"12,22"
2888,"11,73"
2889,"12,22"
2890,"11,73"
2891,"11,73"
2892,"12,22"
2893,"11,73"
2894,"12,22"
2895,"12,22"
2896,"11,73"
2897,"12,22"
2898,"12,22"
2899,"11,73"
2900,"12,22"
2901,"12,22"
2902,"12,22"
2903,"11,73"
2904,"11,73"
2905,"11,73"
2906,"11,73"
2907,"11,73"
2908,"12,22"
2909,"11,73"
2910,"11,73"
2911,"11,73"
2912,"12,22"
2913,"12,22"
2914,"12,22"
2915,"11,73"
2916,"11,73"
2917,"12,22"
2918,"12,22"
2919,"12,22"
2920,"12,22"
2921,"12,22"
2922,"11,73"
2923,"11,73"
2924,"12,22"
2925,"11,73"
2926,"11,73"
2927,"11,73"
2928,"11,73"
2929,"12,22"
2930,"11,73"
2931,"11,73"
2932,"12,22"
2933,"11,73"
2934,"11,73"
2935,"12,22"
2936,"12,22"
2937,"11,73"
2938,"12,22"
2939,"12,22"
2940,"11,73"
2941,"11,73"
2942,"11,73"
2943,"11,73"
2944,"11,73"
2945,"11,73"
2946,"11,73"
2947,"12,22"
2948,"11,73"
2949,"11,73"
2950,"11,73"
2951,"12,22"
2952,"11,73"
2953,"11,73"
2954,"11,73"
2955,"11,73"
2956,"11,73"
2957,"11,73"
2958,"11,73"
2959,"11,73"
2960,"11,73"
2961,"12,22"
2962,"11,73"
2963,"12,22"
2964,"12,22"
2965,"12,22"
2966,"11,73"
2967,"11,73"
2968,"11,73"
2969,"12,22"
2970,"11,73"
2971,"11,73"
2972,"11,73"
2973,"11,73"
2974,"12,22"
2975,"12,22"
2976,"12,22"
2977,"12,22"
2978,"12,22"
2979,"11,73"
2980,"11,73"
2981,"11,73"
2982,"11,73"
2983,"11,73"
2984,"11,73"
2985,"12,22"
2986,"11,73"
2987,"11,73"
2988,"11,73"
2989,"11,73"
2990,"11,73"
2991,"11,73"
2992,"11,73"
2993,"11,73"
2994,"11,73"
2995,"11,73"
2996,"11,73"
2997,"11,73"
2998,"11,73"
2999,"11,73"
3000,"12,22"
3001,"12,22"
3002,"11,73"
3003,"11,73"
3004,"11,73"
3005,"12,22"
3006,"11,73"
3007,"12,22"
3008,"11,73"
3009,"11,73"
3010,"11,73"
3011,"11,73"
3012,"11,73"
3013,"11,73"
3014,"11,73"
3015,"11,73"
3016,"11,73"
3017,"11,73"
3018,"11,73"
3019,"11,73"
3020,"11,73"
3021,"11,73"
3022,"11,73"
3023,"11,73"
3024,"11,73"
3025,"11,73"
3026,"12,22"
3027,"11,73"
3028,"11,73"
3029,"11,73"
3030,"11,73"
3031,"11,73"
3032,"11,73"
3033,"11,73"
3034,"11,73"
3035,"11,73"
3036,"11,73"
3037,"11,73"
3038,"11,73"
3039,"11,73"
3040,"11,73"
3041,"11,73"
3042,"11,73"
3043,"11,73"
3044,"11,73"
3045,"11,73"
3046,"11,73"
3047,"11,73"
3048,"11,73"
3049,"11,73"
3050,"11,73"
3051,"11,73"
3052,"11,73"
3053,"11,24"
3054,"11,73"
3055,"11,73"
3056,"11,73"
3057,"11,73"
3058,"11,73"
3059,"11,73"
3060,"11,73"
3061,"11,24"
3062,"11,24"
3063,"11,73"
3064,"11,24"
3065,"11,73"
3066,"11,73"
3067,"11,73"
3068,"11,73"
3069,"11,73"
3070,"11,73"
3071,"11,73"
3072,"11,24"
3073,"11,73"
3074,"11,73"
3075,"11,73"
3076,"11,73"
3077,"11,73"
3078,"11,24"
3079,"11,24"
3080,"11,73"
3081,"11,73"
3082,"11,73"
3083,"11,24"
3084,"11,24"
3085,"11,73"
3086,"11,73"
3087,"11,24"
3088,"11,73"
3089,"11,24"
3090,"11,24"
3091,"11,24"
3092,"11,24"
3093,"11,24"
3094,"11,24"
3095,"11,24"
3096,"11,73"
3097,"11,24"
3098,"11,24"
3099,"11,73"
3100,"11,24"
3101,"11,24"
3102,"11,73"
3103,"11,73"
3104,"11,73"
3105,"11,24"
3106,"11,73"
3107,"11,24"
3108,"11,73"
3109,"11,73"
3110,"11,24"
3111,"11,73"
3112,"11,73"
3113,"11,24"
3114,"11,24"
3115,"11,73"
3116,"11,24"
3117,"11,73"
3118,"11,73"
3119,"11,73"
3120,"11,73"
3121,"11,73"
3122,"11,73"
3123,"11,73"
3124,"11,73"
3125,"11,24"
3126,"11,24"
3127,"11,73"
3128,"11,24"
3129,"11,24"
3130,"11,73"
3131,"11,24"
3132,"11,24"
3133,"11,73"
3134,"11,73"
3135,"11,73"
3136,"11,73"
3137,"11,24"
3138,"11,73"
3139,"11,73"
3140,"11,24"
3141,"11,24"
3142,"11,73"
3143,"11,73"
3144,"11,24"
3145,"11,73"
3146,"11,73"
3147,"11,24"
3148,"11,73"
3149,"11,73"
3150,"11,24"
3151,"11,24"
3152,"11,73"
3153,"11,73"
3154,"11,24"
3155,"11,73"
3156,"11,73"
3157,"11,73"
3158,"11,73"
3159,"11,73"
3160,"11,73"
3161,"11,73"
3162,"11,24"
3163,"11,73"
3164,"11,24"
3165,"11,24"
3166,"11,73"
3167,"11,24"
3168,"11,73"
3169,"11,24"
3170,"11,24"
3171,"11,73"
3172,"11,73"
3173,"11,73"
3174,"11,24"
3175,"11,73"
3176,"11,73"
3177,"11,24"
3178,"11,24"
3179,"11,73"
3180,"11,24"
3181,"11,73"
3182,"11,73"
3183,"11,24"
3184,"11,73"
3185,"11,24"
3186,"11,24"
3187,"11,24"
3188,"11,24"
3189,"11,24"
3190,"11,24"
3191,"11,73"
3192,"11,73"
3193,"11,73"
3194,"11,73"
3195,"11,24"
3196,"11,73"
3197,"11,24"
3198,"11,73"
3199,"11,73"
3200,"11,73"
3201,"11,73"
3202,"11,73"
3203,"11,73"
3204,"11,73"
3205,"11,73"
3206,"11,73"
3207,"11,73"
3208,"11,73"
3209,"11,73"
3210,"11,24"
3211,"11,73"
3212,"11,73"
3213,"11,24"
3214,"11,24"
3215,"11,73"
3216,"11,73"
3217,"11,73"
3218,"11,73"
3219,"11,24"
3220,"11,73"
3221,"11,73"
3222,"11,73"
3223,"11,73"
3224,"11,73"
3225,"11,73"
3226,"11,24"
3227,"11,73"
3228,"11,24"
3229,"11,73"
3230,"11,73"
3231,"11,73"
3232,"11,24"
3233,"11,73"
3234,"11,73"
3235,"11,24"
3236,"11,73"
3237,"11,73"
3238,"11,73"
3239,"11,24"
3240,"11,73"
3241,"11,73"
3242,"11,73"
3243,"11,24"
3244,"11,73"
3245,"11,24"
3246,"11,73"
3247,"11,73"
3248,"11,73"
3249,"11,24"
3250,"11,73"
3251,"11,73"
3252,"11,73"
3253,"11,73"
3254,"11,73"
3255,"11,73"
3256,"11,73"
3257,"11,73"
3258,"11,73"
3259,"11,73"
3260,"11,73"
3261,"11,73"
3262,"11,24"
3263,"11,73"
3264,"11,73"
3265,"11,73"
3266,"11,24"
3267,"11,73"
3268,"11,73"
3269,"11,73"
3270,"11,24"
3271,"11,24"
3272,"11,73"
3273,"11,24"
3274,"11,73"
3275,"11,73"
3276,"11,73"
3277,"11,73"
3278,"11,73"
3279,"11,73"
3280,"11,73"
3281,"11,73"
3282,"11,73"
3283,"11,24"
3284,"11,73"
3285,"11,73"
3286,"11,73"
3287,"11,73"
3288,"11,73"
3289,"11,73"
3290,"11,24"
3291,"11,73"
3292,"11,73"
3293,"11,73"
3294,"11,73"
3295,"11,73"
3296,"11,73"
3297,"11,73"
3298,"11,73"
3299,"11,24"
3300,"11,73"
3301,"11,24"
3302,"11,73"
3303,"11,73"
3304,"11,73"
3305,"11,73"
3306,"11,73"
3307,"11,24"
3308,"11,73"
3309,"11,73"
3310,"11,73"
3311,"11,73"
3312,"11,73"
3313,"11,73"
3314,"11,73"
3315,"11,73"
3316,"11,73"
3317,"11,73"
3318,"11,73"
3319,"11,24"
3320,"11,24"
3321,"11,24"
3322,"11,24"
3323,"11,73"
3324,"11,73"
3325,"11,24"
3326,"11,73"
3327,"11,73"
3328,"11,24"
3329,"11,24"
3330,"11,73"
3331,"11,73"
3332,"11,24"
3333,"11,73"
3334,"11,73"
3335,"11,73"
3336,"11,24"
3337,"11,73"
3338,"11,24"
3339,"11,24"
3340,"11,24"
3341,"11,73"
3342,"11,73"
3343,"11,73"
3344,"11,73"
3345,"11,24"
3346,"11,24"
3347,"11,24"
3348,"11,73"
3349,"11,73"
3350,"11,24"
3351,"11,73"
3352,"11,73"
3353,"11,73"
3354,"11,73"
3355,"11,24"
3356,"11,73"
3357,"11,24"
3358,"11,24"
3359,"11,73"
3360,"11,24"
3361,"11,73"
3362,"11,73"
3363,"11,73"
3364,"11,73"
3365,"11,73"
3366,"11,24"
3367,"11,24"
3368,"11,73"
3369,"11,73"
3370,"11,73"
3371,"11,73"
3372,"11,73"
3373,"11,73"
3374,"11,24"
3375,"11,73"
3376,"11,73"
3377,"11,73"
3378,"11,73"
3379,"11,73"
3380,"11,73"
3381,"11,73"
3382,"11,73"
3383,"11,73"
3384,"11,24"
3385,"11,24"
3386,"11,73"
3387,"11,73"
3388,"11,73"
3389,"11,73"
3390,"11,24"
3391,"11,73"
3392,"11,73"
3393,"11,73"
3394,"11,24"
3395,"11,73"
3396,"11,73"
3397,"11,73"
3398,"11,73"
3399,"11,73"
3400,"11,73"
3401,"11,73"
3402,"11,24"
3403,"11,73"
3404,"11,73"
3405,"11,73"
3406,"11,24"
3407,"11,73"
3408,"11,24"
3409,"11,73"
3410,"11,73"
3411,"11,73"
3412,"11,73"
3413,"11,73"
3414,"11,73"
3415,"11,73"
3416,"11,24"
3417,"11,24"
3418,"11,73"
3419,"11,73"
3420,"11,73"
3421,"11,73"
3422,"11,24"
3423,"11,73"
3424,"11,73"
3425,"11,73"
3426,"11,73"
3427,"11,73"
3428,"11,73"
3429,"11,24"
3430,"11,73"
3431,"11,73"
3432,"11,24"
3433,"11,24"
3434,"11,24"
3435,"11,24"
3436,"11,24"
3437,"11,73"
3438,"11,73"
3439,"11,24"
3440,"11,24"
3441,"11,24"
3442,"11,73"
3443,"11,73"
3444,"11,24"
3445,"11,73"
3446,"11,24"
3447,"11,73"
3448,"11,73"
3449,"11,24"
3450,"11,73"
3451,"11,73"
3452,"11,73"
3453,"11,73"
3454,"11,24"
3455,"11,73"
3456,"11,73"
3457,"11,24"
3458,"11,24"
3459,"11,24"
3460,"11,73"
3461,"11,24"
3462,"11,24"
3463,"11,24"
3464,"10,75"
3465,"11,24"
3466,"11,24"
3467,"11,24"
3468,"11,24"
3469,"11,73"
3470,"11,24"
3471,"11,24"
3472,"11,24"
3473,"11,24"
3474,"11,24"
3475,"11,73"
3476,"11,24"
3477,"11,24"
3478,"11,73"
3479,"11,24"
3480,"11,24"
3481,"11,73"
3482,"11,24"
3483,"11,24"
3484,"11,24"
3485,"11,73"
3486,"11,24"
3487,"11,24"
3488,"11,24"
3489,"11,24"
3490,"11,24"
3491,"11,73"
3492,"11,73"
3493,"11,24"
3494,"11,24"
3495,"11,24"
3496,"11,73"
3497,"11,24"
3498,"11,24"
3499,"11,73"
3500,"11,24"
3501,"11,24"
3502,"11,24"
3503,"11,73"
3504,"11,24"
3505,"11,24"
3506,"10,75"
3507,"11,24"
3508,"10,75"
3509,"10,75"
3510,"11,24"
3511,"11,24"
3512,"10,75"
3513,"10,75"
3514,"11,24"
3515,"11,24"
3516,"11,24"
3517,"11,24"
3518,"11,24"
3519,"11,24"
3520,"11,24"
3521,"10,75"
3522,"11,24"
3523,"10,75"
3524,"11,24"
3525,"10,75"
3526,"11,73"
3527,"11,24"
3528,"11,24"
3529,"11,24"
3530,"11,24"
3531,"11,24"
3532,"11,73"
3533,"11,24"
3534,"11,73"
3535,"11,24"
3536,"11,24"
3537,"11,24"
3538,"11,24"
3539,"11,73"
3540,"11,24"
3541,"11,24"
3542,"11,24"
3543,"11,24"
3544,"11,73"
3545,"11,24"
3546,"11,24"
3547,"11,24"
3548,"11,24"
3549,"10,75"
3550,"10,75"
3551,"11,24"
3552,"11,24"
3553,"11,24"
3554,"11,24"
3555,"11,24"
3556,"11,24"
3557,"11,24"
3558,"11,24"
3559,"11,24"
3560,"11,24"
3561,"10,75"
3562,"10,75"
3563,"11,24"
3564,"10,75"
3565,"10,75"
3566,"10,75"
3567,"11,24"
3568,"10,75"
3569,"11,24"
3570,"11,24"
3571,"10,75"
3572,"11,24"
3573,"10,75"
3574,"10,75"
3575,"10,75"
3576,"11,24"
3577,"10,75"
3578,"10,75"
3579,"10,75"
3580,"11,24"
3581,"11,24"
3582,"10,75"
3583,"10,75"
3584,"10,75"
3585,"10,75"
3586,"10,75"
3587,"10,75"
3588,"10,75"
3589,"10,75"
3590,"10,75"
3591,"10,75"
3592,"10,75"
3593,"11,24"
3594,"10,75"
3595,"11,24"
3596,"11,24"
3597,"10,75"
3598,"11,24"
3599,"10,75"
3600,"10,75"
3601,"10,75"
3602,"10,75"
3603,"10,75"
3604,"10,75"
3605,"10,75"
3606,"10,75"
3607,"11,24"
3608,"10,75"
3609,"11,24"
3610,"11,24"
3611,"10,75"
3612,"11,24"
3613,"10,75"
3614,"10,75"
3615,"10,75"
3616,"10,75"
3617,"10,75"
3618,"10,75"
3619,"10,75"
3620,"10,75"
3621,"11,24"
3622,"10,75"
3623,"10,75"
3624,"10,75"
3625,"10,75"
3626,"10,75"
3627,"10,75"
3628,"10,75"
3629,"10,75"
3630,"10,75"
3631,"10,75"
3632,"10,75"
3633,"10,75"
3634,"10,75"
3635,"10,75"
3636,"10,75"
3637,"10,75"
3638,"10,75"
3639,"10,75"
3640,"10,75"
3641,"10,75"
3642,"10,75"
3643,"10,75"
3644,"10,75"
3645,"10,26"
3646,"10,75"
3647,"10,75"
3648,"10,75"
3649,"10,75"
3650,"10,75"
3651,"10,26"
3652,"10,75"
3653,"10,75"
3654,"10,75"
3655,"10,75"
3656,"10,75"
3657,"10,75"
3658,"10,75"
3659,"10,75"
3660,"10,75"
3661,"10,75"
3662,"10,75"
3663,"10,75"
3664,"10,75"
3665,"10,75"
3666,"10,75"
3667,"10,75"
3668,"10,75"
3669,"10,75"
3670,"10,75"
3671,"10,75"
3672,"10,75"
3673,"10,75"
3674,"10,75"
3675,"10,75"
3676,"10,75"
3677,"10,75"
3678,"10,75"
3679,"10,75"
3680,"10,75"
3681,"10,75"
3682,"10,75"
3683,"10,75"
3684,"10,75"
3685,"10,75"
3686,"10,75"
3687,"10,75"
3688,"10,75"
3689,"10,75"
3690,"10,26"
3691,"10,75"
3692,"10,75"
3693,"10,75"
3694,"10,75"
3695,"10,75"
3696,"10,26"
3697,"10,75"
3698,"10,75"
3699,"10,75"
3700,"10,75"
3701,"10,75"
3702,"10,75"
3703,"10,75"
3704,"10,75"
3705,"10,75"
3706,"10,75"
3707,"10,75"
3708,"10,75"
3709,"10,75"
3710,"10,75"
3711,"10,26"
3712,"10,75"
3713,"10,75"
3714,"10,26"
3715,"10,75"
3716,"10,26"
3717,"10,75"
3718,"10,75"
3719,"10,26"
3720,"10,75"
3721,"10,26"
3722,"10,26"
3723,"10,75"
3724,"10,75"
3725,"10,75"
3726,"10,75"
3727,"10,75"
3728,"10,75"
3729,"10,75"
3730,"10,75"
3731,"10,75"
3732,"10,75"
3733,"10,75"
3734,"10,75"
3735,"10,26"
3736,"10,75"
3737,"10,26"
3738,"10,26"
3739,"10,75"
3740,"10,26"
3741,"10,75"
3742,"10,75"
3743,"10,26"
3744,"10,26"
3745,"10,26"
3746,"10,75"
3747,"10,75"
3748,"10,75"
3749,"10,75"
3750,"10,75"
3751,"10,75"
3752,"10,75"
3753,"10,75"
3754,"10,75"
3755,"10,75"
3756,"10,75"
3757,"10,75"
3758,"10,26"
3759,"10,75"
3760,"10,75"
3761,"10,26"
3762,"10,75"
3763,"10,75"
3764,"10,75"
3765,"10,75"
3766,"10,75"
3767,"10,75"
3768,"10,26"
3769,"10,75"
3770,"10,75"
3771,"10,75"
3772,"10,26"
3773,"10,75"
3774,"10,75"
3775,"10,75"
3776,"10,75"
3777,"10,75"
3778,"10,75"
3779,"10,75"
3780,"10,26"
3781,"10,26"
3782,"10,75"
3783,"10,75"
3784,"10,75"
3785,"10,75"
3786,"10,75"
3787,"10,75"
3788,"10,26"
3789,"10,75"
3790,"10,75"
3791,"10,75"
3792,"10,75"
3793,"10,75"
3794,"10,75"
3795,"10,26"
3796,"10,75"
3797,"10,75"
3798,"10,75"
3799,"10,75"
3800,"10,26"
3801,"10,75"
3802,"10,26"
3803,"10,75"
3804,"10,75"
3805,"10,26"
3806,"10,75"
3807,"10,75"
3808,"10,26"
3809,"10,75"
3810,"10,75"
3811,"10,75"
3812,"10,75"
3813,"10,75"
3814,"10,75"
3815,"10,75"
3816,"10,75"
3817,"10,75"
3818,"10,75"
3819,"10,75"
3820,"10,75"
3821,"10,26"
3822,"10,75"
3823,"10,75"
3824,"10,75"
3825,"10,75"
3826,"10,75"
3827,"10,75"
3828,"10,75"
3829,"10,75"
3830,"10,75"
3831,"10,75"
3832,"10,75"
3833,"10,75"
3834,"10,75"
3835,"10,75"
3836,"10,75"
3837,"10,26"
3838,"10,75"
3839,"10,75"
3840,"10,75"
3841,"10,75"
3842,"10,75"
3843,"10,75"
3844,"10,75"
3845,"10,75"
3846,"10,75"
3847,"10,75"
3848,"10,75"
3849,"10,75"
3850,"10,75"
3851,"10,75"
3852,"10,75"
3853,"10,26"
3854,"10,75"
3855,"10,75"
3856,"10,75"
3857,"10,26"
3858,"10,26"
3859,"10,75"
3860,"10,75"
3861,"10,26"
3862,"10,75"
3863,"10,75"
3864,"10,75"
3865,"10,75"
3866,"10,75"
3867,"10,26"
3868,"10,75"
3869,"10,75"
3870,"10,75"
3871,"10,75"
3872,"10,75"
3873,"10,75"
3874,"10,75"
3875,"10,75"
3876,"10,75"
3877,"10,75"
3878,"10,75"
3879,"10,75"
3880,"10,75"
3881,"10,75"
3882,"10,75"
3883,"10,75"
3884,"10,26"
3885,"10,75"
3886,"10,26"
3887,"10,75"
3888,"10,75"
3889,"10,75"
3890,"10,75"
3891,"10,75"
3892,"10,75"
3893,"10,75"
3894,"10,75"
3895,"10,75"
3896,"10,75"
3897,"10,75"
3898,"10,75"
3899,"10,75"
3900,"10,26"
3901,"10,75"
3902,"10,75"
3903,"10,75"
3904,"10,75"
3905,"10,75"
3906,"10,75"
3907,"10,26"
3908,"10,75"
3909,"10,75"
3910,"10,75"
3911,"10,75"
3912,"10,26"
3913,"10,75"
3914,"10,75"
3915,"10,75"
3916,"10,75"
3917,"10,75"
3918,"10,26"
3919,"10,75"
3920,"10,75"
3921,"10,26"
3922,"10,26"
3923,"10,75"
3924,"10,75"
3925,"10,26"
3926,"10,26"
3927,"10,75"
3928,"10,26"
3929,"10,26"
3930,"10,26"
3931,"10,26"
3932,"10,26"
3933,"10,26"
3934,"10,26"
3935,"10,26"
3936,"10,26"
3937,"10,26"
3938,"10,26"
3939,"10,75"
3940,"10,75"
3941,"10,75"
3942,"10,75"
3943,"10,75"
3944,"10,26"
3945,"10,26"
3946,"10,26"
3947,"10,75"
3948,"10,26"
3949,"10,75"
3950,"10,26"
3951,"10,26"
3952,"10,26"
3953,"9,78"
3954,"10,26"
3955,"10,26"
3956,"10,26"
3957,"10,26"
3958,"10,26"
3959,"10,26"
3960,"10,26"
3961,"10,26"
3962,"10,26"
3963,"10,26"
3964,"10,26"
3965,"9,78"
3966,"10,26"
3967,"10,26"
3968,"10,26"
3969,"10,26"
3970,"10,26"
3971,"10,26"
3972,"9,78"
3973,"10,26"
3974,"9,78"
3975,"10,26"
3976,"10,26"
3977,"10,26"
3978,"10,26"
3979,"10,26"
3980,"10,26"
3981,"10,26"
3982,"10,26"
3983,"10,26"
3984,"10,26"
3985,"10,26"
3986,"9,78"
3987,"10,26"
3988,"10,26"
3989,"10,26"
3990,"10,26"
3991,"9,78"
3992,"10,26"
3993,"9,78"
3994,"10,26"
3995,"10,26"
3996,"10,26"
3997,"10,26"
3998,"10,26"
3999,"10,26"
4000,"9,78"
4001,"9,78"
4002,"9,78"
4003,"10,26"
4004,"10,26"
4005,"10,26"
4006,"10,26"
4007,"9,78"
4008,"10,26"
4009,"10,26"
4010,"10,26"
4011,"10,26"
4012,"10,26"
4013,"9,78"
4014,"9,78"
4015,"9,78"
4016,"9,78"
4017,"10,26"
4018,"9,78"
4019,"9,78"
4020,"9,78"
4021,"10,26"
4022,"9,78"
4023,"9,78"
4024,"10,26"
4025,"10,26"
4026,"10,26"
4027,"10,26"
4028,"10,26"
4029,"10,26"
4030,"10,26"
4031,"10,26"
4032,"10,26"
4033,"10,26"
4034,"9,78"
4035,"9,78"
4036,"9,78"
4037,"9,78"
4038,"10,26"
4039,"10,26"
4040,"9,78"
4041,"9,78"
4042,"9,78"
4043,"9,78"
4044,"9,78"
4045,"9,78"
4046,"9,78"
4047,"10,26"
4048,"10,26"
4049,"9,78"
4050,"9,78"
4051,"9,78"
4052,"9,78"
4053,"9,78"
4054,"9,78"
4055,"10,26"
4056,"9,78"
4057,"9,78"
4058,"9,78"
4059,"9,78"
4060,"9,78"
4061,"9,78"
4062,"9,78"
4063,"9,78"
4064,"9,78"
4065,"9,29"
4066,"9,78"
4067,"9,78"
4068,"9,78"
4069,"9,78"
4070,"9,78"
4071,"9,78"
4072,"9,78"
4073,"9,78"
4074,"9,29"
4075,"9,78"
4076,"9,78"
4077,"9,78"
4078,"9,78"
4079,"9,78"
4080,"9,29"
4081,"9,78"
4082,"9,78"
4083,"9,78"
4084,"9,78"
4085,"9,78"
4086,"9,78"
4087,"9,29"
4088,"9,78"
4089,"9,78"
4090,"9,78"
4091,"9,78"
4092,"9,78"
4093,"9,78"
4094,"9,78"
4095,"9,78"
4096,"9,78"
4097,"9,29"
4098,"9,29"
4099,"9,29"
4100,"9,29"
4101,"9,78"
4102,"9,29"
4103,"9,78"
4104,"9,78"
4105,"9,78"
4106,"9,29"
4107,"9,78"
4108,"9,78"
4109,"9,78"
4110,"9,78"
4111,"9,78"
4112,"9,78"
4113,"9,78"
4114,"9,29"
4115,"9,78"
4116,"9,78"
4117,"9,78"
4118,"9,78"
4119,"9,78"
4120,"9,78"
4121,"9,78"
4122,"9,78"
4123,"9,29"
4124,"9,78"
4125,"9,78"
4126,"9,78"
4127,"9,78"
4128,"9,78"
4129,"9,78"
4130,"9,78"
4131,"9,78"
4132,"9,78"
4133,"9,78"
4134,"9,78"
4135,"9,78"
4136,"9,78"
4137,"9,78"
4138,"9,78"
4139,"9,78"
4140,"9,78"
4141,"9,78"
4142,"9,78"
4143,"9,29"
4144,"9,29"
4145,"9,78"
4146,"9,78"
4147,"9,78"
4148,"9,78"
4149,"9,78"
4150,"9,78"
4151,"9,29"
4152,"9,78"
4153,"9,29"
4154,"9,78"
4155,"9,29"
4156,"9,78"
4157,"9,78"
4158,"9,78"
4159,"9,78"
4160,"9,78"
4161,"9,29"
4162,"9,78"
4163,"9,29"
4164,"9,78"
4165,"9,78"
4166,"9,78"
4167,"9,78"
4168,"9,29"
4169,"9,78"
4170,"9,78"
4171,"9,78"
4172,"9,29"
4173,"9,78"
4174,"9,78"
4175,"9,78"
4176,"9,78"
4177,"9,78"
4178,"9,78"
4179,"9,78"
4180,"9,78"
4181,"9,29"
4182,"9,78"
4183,"9,78"
4184,"9,78"
4185,"9,78"
4186,"9,29"
4187,"9,78"
4188,"9,78"
4189,"9,29"
4190,"9,78"
4191,"9,78"
4192,"9,29"
4193,"9,29"
4194,"9,78"
4195,"9,78"
4196,"9,78"
4197,"9,29"
4198,"9,78"
4199,"9,78"
4200,"9,78"
4201,"9,78"
4202,"9,29"
4203,"9,78"
4204,"9,78"
4205,"9,78"
4206,"9,78"
4207,"9,78"
4208,"9,78"
4209,"9,78"
4210,"9,78"
4211,"9,78"
4212,"9,78"
4213,"10,26"
4214,"9,78"
4215,"9,78"
4216,"9,78"
4217,"9,78"
4218,"9,78"
4219,"9,78"
4220,"9,78"
4221,"9,78"
4222,"9,78"
4223,"9,78"
4224,"9,78"
4225,"9,78"
4226,"9,78"
4227,"9,78"
4228,"9,78"
4229,"9,78"
4230,"9,78"
4231,"9,78"
4232,"9,78"
4233,"9,78"
4234,"9,78"
4235,"9,78"
4236,"9,78"
4237,"9,78"
4238,"9,78"
4239,"9,29"
4240,"9,78"
4241,"9,78"
4242,"9,78"
4243,"9,78"
4244,"9,78"
4245,"9,78"
4246,"9,78"
4247,"9,78"
4248,"9,78"
4249,"9,78"
4250,"9,78"
4251,"9,78"
4252,"9,29"
4253,"9,78"
4254,"9,78"
4255,"9,78"
4256,"9,78"
4257,"9,78"
4258,"9,29"
4259,"9,78"
4260,"9,78"
4261,"9,78"
4262,"9,78"
4263,"9,78"
4264,"9,78"
4265,"9,78"
4266,"9,78"
4267,"9,29"
4268,"9,29"
4269,"9,78"
4270,"9,78"
4271,"9,29"
4272,"9,78"
4273,"9,78"
4274,"9,78"
4275,"9,29"
4276,"9,78"
4277,"9,78"
4278,"9,78"
4279,"9,78"
4280,"9,78"
4281,"9,78"
4282,"9,78"
4283,"9,78"
4284,"9,78"
4285,"9,78"
4286,"9,29"
4287,"9,78"
4288,"9,29"
4289,"9,78"
4290,"9,29"
4291,"9,78"
4292,"9,78"
4293,"9,78"
4294,"9,78"
4295,"9,78"
4296,"9,78"
4297,"9,29"
4298,"9,78"
4299,"9,78"
4300,"9,78"
4301,"9,78"
4302,"9,78"
4303,"9,78"
4304,"9,78"
4305,"9,78"
4306,"9,78"
4307,"9,78"
4308,"9,78"
4309,"9,78"
4310,"9,78"
4311,"9,29"
4312,"9,78"
4313,"9,29"
4314,"9,78"
4315,"9,29"
4316,"9,29"
4317,"9,29"
4318,"9,78"
4319,"9,78"
4320,"9,78"
4321,"9,78"
4322,"9,78"
4323,"9,78"
4324,"9,29"
4325,"9,78"
4326,"9,78"
4327,"9,78"
4328,"9,78"
4329,"9,29"
4330,"9,78"
4331,"9,29"
4332,"9,29"
4333,"9,78"
4334,"9,78"
4335,"9,78"
4336,"9,78"
4337,"9,29"
4338,"9,29"
4339,"9,78"
4340,"9,78"
4341,"9,29"
4342,"9,29"
4343,"9,78"
4344,"9,29"
4345,"9,78"
4346,"9,78"
4347,"9,78"
4348,"9,78"
4349,"9,78"
4350,"9,78"
4351,"9,78"
4352,"9,29"
4353,"9,78"
4354,"9,78"
4355,"9,29"
4356,"9,78"
4357,"9,78"
4358,"9,29"
4359,"9,78"
4360,"9,78"
4361,"9,78"
4362,"9,78"
4363,"9,78"
4364,"9,78"
4365,"9,78"
4366,"9,78"
4367,"9,78"
4368,"9,78"
4369,"9,78"
4370,"9,78"
4371,"9,78"
4372,"9,78"
4373,"9,78"
4374,"9,78"
4375,"9,78"
4376,"9,78"
4377,"9,78"
4378,"9,78"
4379,"10,26"
4380,"9,78"
4381,"9,29"
4382,"9,78"
4383,"9,29"
4384,"9,78"
4385,"9,29"
4386,"9,78"
4387,"9,78"
4388,"9,78"
4389,"9,78"
4390,"9,78"
4391,"9,78"
4392,"9,78"
4393,"9,78"
4394,"9,29"
4395,"9,78"
4396,"9,78"
4397,"9,78"
4398,"9,29"
4399,"9,29"
4400,"9,78"
4401,"9,78"
4402,"9,78"
4403,"9,78"
4404,"9,78"
4405,"9,29"
4406,"9,29"
4407,"9,29"
4408,"9,78"
4409,"9,29"
4410,"9,29"
4411,"9,78"
4412,"9,29"
4413,"9,29"
4414,"9,78"
4415,"9,78"
4416,"9,78"
4417,"9,78"
4418,"9,29"
4419,"9,29"
4420,"9,78"
4421,"9,78"
4422,"9,78"
4423,"9,78"
4424,"9,29"
4425,"9,78"
4426,"9,29"
4427,"9,78"
4428,"9,78"
4429,"9,78"
4430,"9,29"
4431,"9,78"
4432,"9,78"
4433,"9,78"
4434,"9,78"
4435,"9,78"
4436,"9,78"
4437,"9,78"
4438,"9,78"
4439,"9,78"
4440,"9,78"
4441,"9,78"
4442,"9,29"
4443,"9,78"
4444,"9,78"
4445,"9,78"
4446,"9,29"
4447,"9,78"
4448,"9,78"
4449,"9,78"
4450,"9,29"
4451,"9,78"
4452,"9,78"
4453,"9,78"
4454,"9,78"
4455,"9,78"
4456,"9,78"
4457,"9,78"
4458,"9,78"
4459,"9,78"
4460,"9,78"
4461,"9,78"
4462,"9,78"
4463,"9,78"
4464,"9,78"
4465,"9,29"
4466,"9,78"
4467,"9,78"
4468,"9,78"
4469,"9,78"
4470,"9,78"
4471,"9,78"
4472,"9,78"
4473,"9,78"
4474,"9,78"
4475,"9,78"
4476,"9,78"
4477,"9,78"
4478,"9,78"
4479,"9,78"
4480,"9,78"
4481,"9,78"
4482,"9,78"
4483,"9,78"
4484,"9,78"
4485,"9,78"
4486,"9,78"
4487,"9,78"
4488,"9,78"
4489,"9,29"
4490,"9,78"
4491,"9,78"
4492,"9,78"
4493,"9,78"
4494,"9,78"
4495,"9,78"
4496,"9,29"
4497,"9,29"
4498,"9,78"
4499,"9,78"
4500,"9,78"
4501,"9,78"
4502,"9,29"
4503,"9,78"
4504,"9,78"
4505,"9,78"
4506,"9,78"
4507,"9,78"
4508,"9,78"
4509,"9,78"
4510,"9,78"
4511,"9,78"
4512,"9,78"
4513,"9,78"
4514,"9,78"
4515,"9,78"
4516,"9,78"
4517,"9,29"
4518,"9,29"
4519,"9,29"
4520,"9,29"
4521,"9,29"
4522,"9,29"
4523,"9,29"
4524,"9,78"
4525,"9,78"
4526,"9,78"
4527,"9,78"
4528,"9,78"
4529,"9,78"
4530,"9,78"
4531,"9,78"
4532,"9,78"
4533,"9,29"
4534,"9,78"
4535,"9,78"
4536,"9,78"
4537,"9,29"
4538,"9,29"
4539,"9,78"
4540,"9,78"
4541,"9,29"
4542,"9,78"
4543,"9,29"
4544,"9,29"
4545,"9,78"
4546,"9,78"
4547,"9,78"
4548,"9,78"
4549,"9,78"
4550,"9,29"
4551,"9,29"
4552,"9,29"
4553,"9,29"
4554,"9,29"
4555,"9,29"
4556,"9,78"
4557,"9,78"
4558,"9,78"
4559,"9,78"
4560,"9,29"
4561,"9,78"
4562,"9,78"
4563,"9,29"
4564,"9,78"
4565,"9,78"
4566,"9,78"
4567,"9,29"
4568,"9,78"
4569,"9,78"
4570,"9,29"
4571,"9,78"
4572,"9,29"
4573,"9,78"
4574,"9,78"
4575,"9,29"
4576,"9,29"
4577,"9,29"
4578,"9,29"
4579,"9,78"
4580,"9,78"
4581,"9,29"
4582,"9,29"
4583,"9,29"
4584,"9,29"
4585,"9,78"
4586,"9,29"
4587,"9,78"
4588,"9,78"
4589,"9,78"
4590,"9,78"
4591,"9,78"
4592,"9,78"
4593,"9,29"
4594,"9,29"
4595,"9,29"
4596,"9,78"
4597,"9,29"
4598,"9,29"
4599,"9,29"
4600,"9,78"
4601,"9,29"
4602,"9,29"
4603,"9,78"
4604,"9,78"
4605,"9,29"
4606,"9,78"
4607,"9,78"
4608,"9,29"
4609,"9,78"
4610,"9,29"
4611,"9,78"
4612,"9,78"
4613,"9,29"
4614,"9,29"
4615,"9,78"
4616,"9,78"
4617,"9,78"
4618,"9,78"
4619,"9,78"
4620,"9,78"
4621,"9,78"
4622,"9,78"
4623,"9,78"
4624,"9,29"
4625,"8,8"
4626,"8,8"
4627,"9,29"
4628,"9,29"
4629,"8,8"
4630,"9,29"
4631,"9,29"
4632,"9,29"
4633,"9,29"
4634,"9,29"
4635,"9,29"
4636,"9,29"
4637,"9,29"
4638,"9,78"
4639,"9,29"
4640,"9,29"
4641,"9,29"
4642,"9,29"
4643,"9,29"
4644,"9,29"
4645,"9,78"
4646,"9,78"
4647,"9,29"
4648,"9,29"
4649,"9,29"
4650,"9,29"
4651,"9,29"
4652,"9,29"
4653,"8,8"
4654,"9,29"
4655,"9,78"
4656,"9,29"
4657,"9,29"
4658,"9,29"
4659,"9,29"
4660,"9,29"
4661,"9,29"
4662,"9,29"
4663,"9,29"
4664,"9,29"
4665,"9,29"
4666,"9,29"
4667,"9,29"
4668,"9,29"
4669,"9,78"
4670,"9,29"
4671,"9,29"
4672,"8,8"
4673,"9,29"
4674,"9,29"
4675,"9,78"
4676,"9,29"
4677,"9,29"
4678,"9,29"
4679,"9,29"
4680,"9,29"
4681,"8,8"
4682,"8,8"
4683,"9,29"
4684,"8,8"
4685,"8,8"
4686,"9,29"
4687,"8,8"
4688,"9,29"
4689,"9,29"
4690,"9,29"
4691,"9,29"
4692,"8,8"
4693,"9,29"
4694,"8,8"
4695,"9,29"
4696,"8,8"
4697,"9,29"
4698,"9,29"
4699,"9,29"
4700,"8,8"
4701,"8,8"
4702,"9,29"
4703,"8,8"
4704,"8,8"
4705,"8,8"
4706,"8,8"
4707,"9,29"
4708,"8,8"
4709,"8,8"
4710,"8,8"
4711,"9,29"
4712,"8,8"
4713,"8,8"
4714,"8,8"
4715,"9,29"
4716,"9,29"
4717,"9,29"
4718,"9,29"
4719,"8,8"
4720,"9,29"
4721,"9,29"
4722,"9,29"
4723,"8,8"
4724,"8,8"
4725,"9,29"
4726,"9,29"
4727,"9,29"
4728,"9,29"
4729,"9,29"
4730,"8,8"
4731,"8,8"
4732,"8,8"
4733,"8,8"
4734,"8,8"
4735,"9,29"
4736,"8,8"
4737,"8,8"
4738,"8,8"
4739,"9,29"
4740,"9,29"
4741,"8,8"
4742,"8,8"
4743,"8,8"
4744,"9,29"
4745,"9,29"
4746,"8,8"
4747,"8,8"
4748,"9,29"
4749,"8,8"
4750,"9,29"
4751,"8,8"
4752,"8,8"
4753,"8,8"
4754,"8,8"
4755,"9,29"
4756,"9,29"
4757,"8,8"
4758,"9,29"
4759,"9,29"
4760,"9,29"
4761,"8,8"
4762,"8,8"
4763,"9,29"
4764,"9,29"
4765,"8,8"
4766,"8,8"
4767,"9,29"
4768,"8,8"
4769,"9,29"
4770,"9,29"
4771,"8,8"
4772,"8,8"
4773,"8,8"
4774,"9,29"
4775,"8,8"
4776,"9,29"
4777,"8,8"
4778,"9,29"
4779,"8,8"
4780,"8,8"
4781,"8,8"
4782,"8,8"
4783,"9,29"
4784,"9,29"
4785,"9,29"
4786,"9,29"
4787,"9,29"
4788,"9,29"
4789,"8,8"
4790,"9,29"
4791,"9,29"
4792,"9,29"
4793,"8,8"
4794,"9,29"
4795,"9,29"
4796,"9,29"
4797,"9,29"
4798,"8,8"
4799,"9,29"
4800,"8,8"
4801,"9,29"
4802,"9,29"
4803,"9,29"
4804,"9,29"
4805,"9,29"
4806,"9,29"
4807,"9,29"
4808,"9,29"
4809,"9,78"
4810,"9,29"
4811,"9,29"
4812,"9,29"
4813,"9,29"
4814,"9,78"
4815,"9,29"
4816,"9,78"
4817,"9,29"
4818,"9,29"
4819,"9,78"
4820,"9,29"
4821,"9,78"
4822,"9,78"
4823,"9,29"
4824,"9,29"
4825,"9,29"
4826,"9,29"
4827,"9,78"
4828,"9,29"
4829,"9,29"
4830,"9,29"
4831,"9,29"
4832,"9,29"
4833,"9,29"
4834,"9,78"
4835,"9,29"
4836,"9,78"
4837,"9,29"
4838,"9,78"
4839,"9,78"
4840,"9,29"
4841,"9,29"
4842,"9,29"
4843,"9,29"
4844,"9,78"
4845,"9,78"
4846,"9,78"
4847,"9,29"
4848,"9,29"
4849,"9,29"
4850,"9,78"
4851,"9,29"
4852,"9,29"
4853,"9,29"
4854,"9,29"
4855,"9,78"
4856,"9,29"
4857,"9,29"
4858,"9,29"
4859,"9,29"
4860,"9,78"
4861,"9,29"
4862,"9,29"
4863,"9,29"
4864,"9,29"
4865,"9,29"
4866,"9,29"
4867,"9,29"
4868,"9,78"
4869,"9,29"
4870,"9,29"
4871,"9,78"
4872,"9,29"
4873,"9,29"
4874,"9,29"
4875,"9,29"
4876,"8,8"
4877,"8,8"
4878,"8,8"
4879,"9,29"
4880,"8,8"
4881,"9,29"
4882,"9,29"
4883,"9,29"
4884,"8,8"
4885,"9,29"
4886,"9,29"
4887,"9,29"
4888,"9,29"
4889,"8,8"
4890,"9,29"
4891,"9,29"
4892,"9,29"
4893,"9,29"
4894,"8,8"
4895,"9,29"
4896,"8,8"
4897,"9,29"
4898,"9,29"
4899,"9,29"
4900,"8,8"
4901,"9,29"
4902,"9,29"
4903,"9,29"
4904,"8,8"
4905,"9,29"
4906,"8,8"
4907,"9,29"
4908,"9,29"
4909,"9,29"
4910,"8,8"
4911,"9,29"
4912,"8,8"
4913,"8,8"
4914,"8,8"
4915,"8,8"
4916,"8,8"
4917,"8,8"
4918,"8,8"
4919,"8,8"
4920,"8,8"
4921,"9,29"
4922,"9,29"
4923,"8,8"
4924,"8,8"
4925,"8,8"
4926,"9,29"
4927,"8,8"
4928,"9,29"
4929,"9,29"
4930,"8,8"
4931,"8,8"
4932,"9,29"
4933,"9,29"
4934,"9,29"
4935,"8,8"
4936,"8,8"
4937,"8,8"
4938,"8,8"
4939,"9,29"
4940,"8,8"
4941,"8,8"
4942,"8,8"
4943,"8,8"
4944,"9,29"
4945,"8,8"
4946,"9,29"
4947,"8,8"
4948,"8,8"
4949,"8,8"
4950,"8,8"
4951,"8,8"
4952,"8,8"
4953,"9,29"
4954,"9,29"
4955,"8,8"
4956,"8,8"
4957,"9,29"
4958,"8,8"
4959,"8,8"
4960,"8,31"
4961,"8,8"
4962,"8,8"
4963,"8,8"
4964,"8,8"
4965,"8,8"
4966,"8,8"
4967,"8,8"
4968,"8,8"
4969,"8,31"
4970,"8,8"
4971,"8,8"
4972,"8,8"
4973,"8,8"
4974,"8,8"
4975,"8,8"
4976,"8,8"
4977,"8,8"
4978,"8,8"
4979,"8,8"
4980,"8,8"
4981,"8,8"
4982,"8,8"
4983,"8,31"
4984,"8,31"
4985,"8,8"
4986,"8,8"
4987,"8,8"
4988,"8,8"
4989,"8,8"
4990,"8,8"
4991,"8,8"
4992,"8,31"
4993,"8,8"
4994,"8,8"
4995,"8,8"
4996,"8,8"
4997,"8,8"
4998,"8,8"
4999,"8,8"
5000,"8,8"
5001,"8,31"
5002,"9,29"
5003,"8,8"
5004,"8,8"
5005,"8,8"
5006,"8,8"
5007,"8,8"
5008,"8,8"
5009,"8,8"
5010,"8,8"
5011,"8,8"
5012,"8,8"
5013,"8,8"
5014,"8,8"
5015,"8,31"
5016,"8,8"
5017,"8,8"
5018,"8,8"
5019,"8,8"
5020,"8,8"
5021,"8,8"
5022,"8,8"
5023,"8,8"
5024,"8,8"
5025,"8,8"
5026,"8,8"
5027,"8,8"
5028,"8,8"
5029,"8,8"
5030,"8,8"
5031,"8,8"
5032,"8,8"
5033,"8,8"
5034,"8,8"
5035,"8,8"
5036,"8,31"
5037,"8,8"
5038,"8,8"
5039,"8,8"
5040,"8,8"
5041,"8,8"
5042,"8,8"
5043,"8,31"
5044,"8,8"
5045,"8,8"
5046,"8,8"
5047,"8,8"
5048,"8,8"
5049,"8,8"
5050,"8,31"
5051,"8,8"
5052,"8,31"
5053,"8,8"
5054,"8,31"
5055,"8,31"
5056,"8,31"
5057,"8,8"
5058,"8,8"
5059,"8,8"
5060,"8,8"
5061,"8,31"
5062,"8,8"
5063,"8,8"
5064,"8,8"
5065,"8,8"
5066,"8,8"
5067,"8,8"
5068,"8,31"
5069,"8,8"
5070,"8,31"
5071,"8,8"
5072,"8,8"
5073,"8,8"
5074,"8,8"
5075,"8,8"
5076,"8,31"
5077,"8,8"
5078,"8,8"
5079,"8,31"
5080,"8,8"
5081,"8,8"
5082,"8,31"
5083,"8,8"
5084,"8,31"
5085,"8,31"
5086,"8,8"
5087,"8,8"
5088,"8,8"
5089,"8,8"
5090,"8,8"
5091,"8,8"
5092,"8,8"
5093,"8,31"
5094,"8,8"
5095,"8,8"
5096,"8,8"
5097,"8,8"
5098,"8,8"
5099,"8,8"
5100,"8,8"
5101,"8,31"
5102,"8,8"
5103,"8,8"
5104,"8,31"
5105,"8,8"
5106,"8,8"
5107,"8,8"
5108,"8,8"
5109,"8,8"
5110,"8,8"
5111,"8,8"
5112,"8,8"
5113,"8,8"
5114,"8,8"
5115,"8,8"
5116,"8,31"
5117,"8,8"
5118,"8,8"
5119,"8,31"
5120,"8,8"
5121,"8,8"
5122,"8,8"
5123,"8,8"
5124,"8,8"
5125,"8,8"
5126,"8,8"
5127,"8,8"
5128,"8,8"
5129,"8,8"
5130,"8,8"
5131,"8,8"
5132,"8,8"
5133,"8,8"
5134,"8,8"
5135,"8,31"
5136,"8,8"
5137,"8,8"
5138,"8,8"
5139,"8,8"
5140,"8,8"
5141,"8,8"
5142,"8,8"
5143,"8,8"
5144,"8,31"
5145,"8,31"
5146,"8,8"
5147,"8,8"
5148,"8,8"
5149,"8,8"
5150,"8,8"
5151,"9,29"
5152,"8,31"
5153,"8,8"
5154,"8,8"
5155,"8,8"
5156,"8,8"
5157,"8,8"
5158,"8,8"
5159,"8,8"
5160,"8,8"
5161,"9,29"
5162,"8,8"
5163,"8,8"
5164,"8,8"
5165,"8,8"
5166,"8,8"
5167,"8,8"
5168,"8,8"
5169,"8,8"
5170,"9,29"
5171,"8,8"
5172,"9,29"
5173,"9,29"
5174,"9,29"
5175,"9,29"
5176,"9,29"
5177,"9,29"
5178,"9,29"
5179,"9,29"
5180,"9,29"
5181,"8,8"
5182,"8,8"
5183,"8,8"
5184,"8,8"
5185,"8,8"
5186,"8,8"
5187,"9,29"
5188,"8,8"
5189,"8,8"
5190,"8,8"
5191,"8,8"
5192,"9,29"
5193,"9,29"
5194,"9,29"
5195,"9,29"
5196,"9,29"
5197,"9,29"
5198,"9,29"
5199,"9,29"
5200,"9,29"
5201,"9,29"
5202,"9,29"
5203,"9,29"
5204,"9,29"
5205,"8,8"
5206,"8,8"
5207,"9,29"
5208,"8,8"
5209,"9,29"
5210,"9,29"
5211,"9,29"
5212,"9,29"
5213,"9,29"
5214,"9,29"
5215,"9,29"
5216,"9,29"
5217,"9,78"
5218,"9,29"
5219,"9,78"
5220,"9,29"
5221,"9,78"
5222,"9,78"
5223,"9,78"
5224,"9,29"
5225,"9,29"
5226,"9,29"
5227,"8,8"
5228,"9,29"
5229,"9,29"
5230,"9,29"
5231,"9,29"
5232,"9,29"
5233,"9,29"
5234,"9,78"
5235,"9,29"
5236,"9,29"
5237,"9,29"
5238,"8,8"
5239,"9,29"
5240,"9,29"
5241,"9,29"
5242,"9,78"
5243,"9,29"
5244,"9,78"
5245,"9,29"
5246,"9,78"
5247,"9,78"
5248,"9,29"
5249,"9,78"
5250,"9,78"
5251,"9,78"
5252,"9,29"
5253,"9,29"
5254,"9,78"
5255,"9,78"
5256,"9,78"
5257,"9,78"
5258,"9,78"
5259,"9,78"
5260,"9,78"
5261,"9,78"
5262,"9,78"
5263,"9,78"
5264,"9,78"
5265,"9,78"
5266,"9,78"
5267,"9,78"
5268,"10,26"
5269,"10,26"
5270,"10,26"
5271,"9,78"
5272,"9,78"
5273,"10,26"
5274,"9,78"
5275,"10,26"
5276,"9,78"
5277,"10,26"
5278,"10,26"
5279,"9,78"
5280,"9,78"
5281,"9,78"
5282,"9,78"
5283,"9,78"
5284,"10,26"
5285,"9,78"
5286,"9,78"
5287,"9,78"
5288,"9,78"
5289,"10,26"
5290,"9,78"
5291,"10,26"
5292,"10,26"
5293,"10,26"
5294,"10,26"
5295,"10,26"
5296,"10,26"
5297,"10,26"
5298,"10,26"
5299,"10,26"
5300,"9,78"
5301,"10,26"
5302,"9,78"
5303,"10,26"
5304,"10,26"
5305,"10,26"
5306,"10,26"
5307,"10,26"
5308,"10,26"
5309,"10,26"
5310,"10,75"
5311,"10,75"
5312,"10,26"
5313,"10,26"
5314,"10,26"
5315,"10,26"
5316,"9,78"
5317,"10,26"
5318,"10,26"
5319,"10,26"
5320,"10,26"
5321,"10,26"
5322,"10,26"
5323,"10,26"
5324,"10,75"
5325,"10,26"
5326,"10,75"
5327,"10,26"
5328,"10,26"
5329,"10,26"
5330,"10,26"
5331,"10,26"
5332,"10,26"
5333,"10,26"
5334,"10,26"
5335,"10,26"
5336,"10,75"
5337,"10,26"
5338,"10,26"
5339,"10,26"
5340,"10,26"
5341,"10,26"
5342,"10,26"
5343,"10,26"
5344,"10,26"
5345,"10,26"
5346,"10,26"
5347,"10,26"
5348,"9,78"
5349,"10,26"
5350,"10,26"
5351,"10,26"
5352,"10,26"
5353,"9,78"
5354,"9,78"
5355,"9,78"
5356,"9,78"
5357,"9,78"
5358,"9,78"
5359,"9,78"
5360,"9,78"
5361,"9,78"
5362,"10,26"
5363,"10,26"
5364,"10,26"
5365,"9,78"
5366,"9,78"
5367,"9,78"
5368,"9,78"
5369,"9,78"
5370,"10,26"
5371,"10,26"
5372,"10,26"
5373,"10,26"
5374,"9,78"
5375,"9,78"
5376,"9,78"
5377,"9,29"
5378,"9,29"
5379,"9,78"
5380,"9,78"
5381,"9,78"
5382,"9,78"
5383,"9,78"
5384,"9,78"
5385,"9,78"
5386,"10,26"
5387,"9,78"
5388,"10,26"
5389,"9,78"
5390,"10,26"
5391,"10,26"
5392,"10,26"
5393,"10,26"
5394,"10,26"
5395,"10,26"
5396,"10,75"
5397,"10,26"
5398,"10,26"
5399,"10,26"
5400,"10,26"
5401,"9,78"
5402,"10,26"
5403,"10,26"
5404,"10,26"
5405,"10,26"
5406,"10,75"
5407,"10,26"
5408,"10,75"
5409,"10,26"
5410,"10,26"
5411,"10,75"
5412,"10,75"
5413,"10,26"
5414,"10,26"
5415,"9,78"
5416,"9,78"
5417,"10,26"
5418,"10,26"
5419,"10,26"
5420,"10,26"
5421,"10,26"
5422,"10,26"
5423,"10,26"
5424,"10,26"
5425,"10,75"
5426,"10,26"
5427,"10,75"
5428,"10,26"
5429,"10,26"
5430,"10,75"
5431,"10,26"
5432,"10,75"
5433,"10,75"
5434,"10,26"
5435,"10,75"
5436,"10,26"
5437,"10,26"
5438,"10,75"
5439,"10,75"
5440,"10,75"
5441,"10,75"
5442,"10,75"
5443,"10,75"
5444,"10,75"
5445,"10,75"
5446,"10,75"
5447,"10,75"
5448,"10,75"
5449,"10,75"
5450,"10,75"
5451,"10,75"
5452,"10,75"
5453,"10,75"
5454,"10,75"
5455,"10,26"
5456,"10,75"
5457,"10,26"
5458,"10,75"
5459,"10,75"
5460,"10,75"
5461,"10,75"
5462,"10,75"
5463,"10,75"
5464,"10,75"
5465,"10,75"
5466,"10,75"
5467,"10,26"
5468,"10,26"
5469,"10,75"
5470,"10,75"
5471,"10,75"
5472,"10,75"
5473,"10,26"
5474,"10,75"
5475,"10,75"
5476,"10,75"
5477,"10,75"
5478,"11,24"
5479,"11,24"
5480,"10,75"
5481,"10,75"
5482,"10,75"
5483,"10,75"
5484,"10,75"
5485,"10,75"
5486,"10,75"
5487,"10,75"
5488,"10,75"
5489,"10,75"
5490,"10,75"
5491,"10,75"
5492,"10,75"
5493,"10,75"
5494,"10,75"
5495,"10,75"
5496,"10,75"
5497,"10,75"
5498,"10,75"
5499,"10,75"
5500,"10,75"
5501,"10,75"
5502,"10,75"
5503,"10,75"
5504,"10,26"
5505,"10,75"
5506,"10,75"
5507,"11,24"
5508,"10,75"
5509,"10,75"
5510,"10,75"
5511,"10,75"
5512,"11,24"
5513,"10,75"
5514,"10,75"
5515,"10,75"
5516,"10,75"
5517,"11,24"
5518,"10,75"
5519,"11,24"
5520,"11,24"
5521,"10,75"
5522,"11,24"
5523,"10,75"
5524,"10,75"
5525,"11,24"
5526,"11,24"
5527,"11,73"
5528,"11,24"
5529,"11,24"
5530,"10,75"
5531,"10,75"
5532,"10,75"
5533,"11,24"
5534,"10,75"
5535,"10,75"
5536,"10,75"
5537,"11,24"
5538,"10,75"
5539,"10,75"
5540,"10,75"
5541,"10,75"
5542,"11,24"
5543,"11,24"
5544,"10,75"
5545,"11,24"
5546,"11,24"
5547,"11,24"
5548,"11,24"
5549,"11,24"
5550,"11,24"
5551,"11,24"
5552,"11,24"
5553,"11,24"
5554,"11,24"
5555,"11,24"
5556,"10,75"
5557,"11,24"
5558,"11,24"
5559,"11,24"
5560,"11,73"
5561,"11,73"
5562,"11,24"
5563,"11,24"
5564,"11,24"
5565,"11,24"
5566,"11,24"
5567,"11,24"
5568,"11,24"
5569,"11,24"
5570,"11,24"
5571,"11,24"
5572,"11,24"
5573,"11,24"
5574,"11,24"
5575,"11,24"
5576,"11,73"
5577,"11,24"
5578,"11,24"
5579,"11,24"
5580,"11,24"
5581,"11,24"
5582,"11,73"
5583,"11,24"
5584,"11,24"
5585,"11,24"
5586,"11,24"
5587,"11,24"
5588,"11,24"
5589,"11,24"
5590,"11,73"
5591,"11,24"
5592,"11,24"
5593,"11,24"
5594,"11,73"
5595,"11,24"
5596,"11,73"
5597,"11,73"
5598,"11,73"
5599,"11,73"
5600,"11,73"
5601,"11,73"
5602,"11,24"
5603,"11,73"
5604,"11,73"
5605,"11,24"
5606,"11,24"
5607,"11,24"
5608,"11,73"
5609,"11,24"
5610,"11,73"
5611,"11,73"
5612,"11,73"
5613,"11,24"
5614,"11,24"
5615,"11,24"
5616,"11,24"
5617,"11,24"
5618,"11,24"
5619,"11,24"
5620,"10,75"
5621,"10,75"
5622,"11,24"
5623,"11,24"
5624,"11,24"
5625,"10,75"
5626,"10,75"
5627,"11,24"
5628,"11,24"
5629,"11,24"
5630,"11,24"
5631,"11,24"
5632,"11,73"
5633,"11,73"
5634,"11,73"
5635,"11,24"
5636,"11,73"
5637,"11,24"
5638,"11,73"
5639,"11,24"
5640,"11,73"
5641,"11,73"
5642,"11,73"
5643,"11,73"
5644,"11,73"
5645,"11,73"
5646,"11,73"
5647,"11,73"
5648,"11,73"
5649,"11,73"
5650,"12,22"
5651,"11,73"
5652,"11,73"
5653,"11,73"
5654,"11,73"
5655,"11,73"
5656,"11,73"
5657,"11,73"
5658,"11,73"
5659,"11,73"
5660,"11,73"
5661,"11,73"
5662,"11,73"
5663,"11,73"
5664,"11,73"
5665,"11,73"
5666,"11,73"
5667,"11,73"
5668,"11,73"
5669,"11,73"
5670,"12,22"
5671,"11,73"
5672,"11,73"
5673,"11,73"
5674,"11,73"
5675,"11,24"
5676,"11,73"
5677,"11,73"
5678,"11,24"
5679,"11,73"
5680,"11,73"
5681,"11,73"
5682,"11,24"
5683,"11,73"
5684,"11,73"
5685,"11,73"
5686,"11,73"
5687,"11,73"
5688,"11,73"
5689,"11,73"
5690,"11,73"
5691,"11,73"
5692,"11,73"
5693,"12,22"
5694,"11,73"
5695,"11,73"
5696,"11,73"
5697,"12,22"
5698,"11,73"
5699,"11,73"
5700,"11,73"
5701,"11,73"
5702,"11,73"
5703,"11,73"
5704,"11,73"
5705,"11,73"
5706,"12,22"
5707,"11,73"
5708,"11,73"
5709,"11,73"
5710,"12,22"
5711,"11,73"
5712,"11,73"
5713,"11,73"
5714,"11,73"
5715,"12,22"
5716,"12,22"
5717,"11,73"
5718,"11,73"
5719,"12,22"
5720,"12,22"
5721,"11,73"
5722,"11,73"
5723,"12,22"
5724,"12,22"
5725,"12,22"
5726,"11,73"
5727,"12,22"
5728,"11,73"
5729,"12,22"
5730,"11,73"
5731,"11,73"
5732,"12,22"
5733,"12,22"
5734,"12,22"
5735,"12,22"
5736,"12,22"
5737,"12,22"
5738,"12,71"
5739,"12,22"
5740,"12,22"
5741,"12,71"
5742,"12,22"
5743,"12,71"
5744,"12,22"
5745,"12,22"
5746,"12,22"
5747,"12,22"
5748,"11,73"
5749,"11,73"
5750,"12,22"
5751,"11,73"
5752,"12,22"
5753,"11,73"
5754,"12,71"
5755,"12,22"
5756,"12,22"
5757,"12,22"
5758,"12,22"
5759,"12,22"
5760,"12,71"
5761,"12,22"
5762,"12,22"
5763,"12,22"
5764,"12,71"
5765,"12,71"
5766,"12,22"
5767,"12,71"
5768,"12,22"
5769,"12,71"
5770,"12,71"
5771,"12,71"
5772,"12,71"
5773,"12,71"
5774,"12,71"
5775,"12,22"
5776,"12,22"
5777,"12,71"
5778,"12,22"
5779,"12,22"
5780,"12,22"
5781,"12,22"
5782,"12,71"
5783,"12,71"
5784,"12,22"
5785,"12,22"
5786,"12,71"
5787,"12,71"
5788,"12,71"
5789,"12,22"
5790,"12,71"
5791,"12,71"
5792,"12,22"
5793,"12,71"
5794,"12,71"
5795,"12,71"
5796,"12,71"
5797,"12,71"
5798,"12,71"
5799,"12,22"
5800,"12,71"
5801,"12,71"
5802,"12,22"
5803,"12,22"
5804,"12,22"
5805,"12,22"
5806,"12,22"
5807,"12,22"
5808,"12,22"
5809,"12,22"
5810,"12,22"
5811,"12,22"
5812,"12,71"
5813,"12,22"
5814,"12,22"
5815,"12,22"
5816,"11,73"
5817,"12,22"
5818,"12,71"
5819,"12,22"
5820,"12,22"
5821,"12,71"
5822,"12,22"
5823,"12,22"
5824,"12,71"
5825,"12,71"
5826,"12,71"
5827,"12,71"
5828,"12,22"
5829,"12,22"
5830,"12,71"
5831,"12,22"
5832,"12,22"
5833,"12,22"
5834,"12,71"
5835,"12,71"
5836,"12,71"
5837,"12,71"
5838,"12,71"
5839,"12,71"
5840,"12,71"
5841,"12,71"
5842,"12,71"
5843,"12,71"
5844,"12,22"
5845,"12,71"
5846,"12,71"
5847,"12,71"
5848,"12,71"
5849,"12,71"
5850,"12,71"
5851,"12,71"
5852,"12,71"
5853,"12,71"
5854,"12,71"
5855,"12,71"
5856,"12,22"
5857,"12,71"
5858,"12,22"
5859,"12,71"
5860,"12,22"
5861,"12,71"
5862,"12,71"
5863,"12,71"
5864,"12,71"
5865,"12,22"
5866,"12,71"
5867,"12,71"
5868,"12,22"
5869,"12,22"
5870,"12,71"
5871,"12,71"
5872,"12,71"
5873,"12,22"
5874,"12,71"
5875,"12,71"
5876,"12,71"
5877,"12,22"
5878,"12,71"
5879,"12,71"
5880,"12,71"
5881,"12,71"
5882,"12,22"
5883,"12,71"
5884,"12,71"
5885,"12,22"
5886,"12,71"
5887,"12,22"
5888,"12,71"
5889,"12,22"
5890,"12,71"
5891,"12,71"
5892,"12,71"
5893,"12,71"
5894,"12,71"
5895,"12,71"
5896,"12,22"
5897,"12,71"
5898,"12,71"
5899,"12,71"
5900,"12,71"
5901,"12,71"
5902,"12,71"
5903,"12,71"
5904,"12,71"
5905,"12,71"
5906,"12,71"
5907,"12,71"
5908,"12,22"
5909,"12,71"
5910,"12,71"
5911,"12,22"
5912,"12,22"
5913,"12,22"
5914,"12,22"
5915,"12,22"
5916,"12,22"
5917,"12,22"
5918,"12,22"
5919,"12,71"
5920,"12,71"
5921,"12,71"
5922,"12,71"
5923,"12,71"
5924,"12,71"
5925,"12,71"
5926,"12,71"
5927,"12,71"
5928,"12,71"
5929,"12,71"
5930,"12,71"
5931,"12,71"
5932,"12,22"
5933,"12,22"
5934,"12,22"
5935,"12,22"
5936,"12,22"
5937,"12,71"
5938,"12,71"
5939,"12,71"
5940,"12,71"
5941,"12,71"
5942,"12,71"
5943,"12,71"
5944,"12,71"
5945,"12,71"
5946,"12,71"
5947,"12,71"
5948,"12,71"
5949,"13,2"
5950,"12,71"
5951,"12,71"
5952,"13,2"
5953,"13,2"
5954,"13,2"
5955,"12,71"
5956,"13,2"
5957,"13,2"
5958,"13,2"
5959,"13,2"
5960,"12,71"
5961,"13,2"
5962,"13,2"
5963,"12,71"
5964,"12,71"
5965,"13,2"
5966,"13,2"
5967,"12,71"
5968,"12,71"
5969,"13,2"
5970,"12,71"
5971,"12,71"
5972,"13,2"
5973,"13,2"
5974,"12,71"
5975,"12,71"
5976,"13,2"
5977,"13,2"
5978,"12,71"
5979,"12,71"
5980,"12,71"
5981,"12,71"
5982,"13,2"
5983,"12,71"
5984,"13,2"
5985,"13,2"
5986,"13,2"
5987,"13,2"
5988,"13,2"
5989,"13,2"
5990,"13,2"
5991,"13,2"
5992,"13,2"
5993,"13,2"
5994,"13,2"
5995,"13,2"
5996,"12,71"
5997,"13,2"
5998,"12,71"
5999,"12,71"
6000,"12,71"
6001,"12,71"
6002,"13,2"
6003,"12,71"
6004,"13,2"
6005,"13,2"
6006,"12,71"
6007,"12,71"
6008,"13,2"
6009,"12,71"
6010,"12,71"
6011,"12,71"
6012,"12,71"
6013,"13,2"
6014,"13,2"
6015,"13,2"
6016,"13,2"
6017,"12,71"
6018,"12,71"
6019,"12,71"
6020,"12,71"
6021,"12,71"
6022,"12,71"
6023,"12,71"
6024,"12,71"
6025,"13,2"
6026,"13,2"
6027,"13,2"
6028,"12,71"
6029,"13,2"
6030,"12,71"
6031,"13,2"
6032,"13,2"
6033,"13,2"
6034,"13,2"
6035,"13,2"
6036,"13,69"
6037,"13,2"
6038,"13,69"
6039,"13,69"
6040,"13,69"
6041,"13,69"
6042,"13,2"
6043,"13,2"
6044,"13,69"
6045,"13,69"
6046,"13,69"
6047,"13,69"
6048,"13,69"
6049,"13,69"
6050,"13,69"
6051,"13,2"
6052,"13,69"
6053,"13,2"
6054,"13,69"
6055,"13,2"
6056,"13,69"
6057,"13,69"
6058,"13,2"
6059,"13,2"
6060,"13,2"
6061,"13,2"
6062,"13,69"
6063,"13,2"
6064,"13,2"
6065,"13,2"
6066,"13,2"
6067,"13,69"
6068,"13,2"
6069,"13,69"
6070,"13,2"
6071,"13,69"
6072,"13,69"
6073,"13,69"
6074,"13,2"
6075,"13,69"
6076,"13,69"
6077,"13,69"
6078,"13,69"
6079,"13,69"
6080,"13,2"
6081,"13,69"
6082,"13,2"
6083,"13,69"
6084,"13,2"
6085,"13,69"
6086,"13,69"
6087,"13,69"
6088,"13,69"
6089,"13,69"
6090,"13,69"
6091,"13,69"
6092,"13,69"
6093,"13,69"
6094,"13,2"
6095,"13,2"
6096,"13,69"
6097,"13,2"
6098,"13,2"
6099,"13,2"
6100,"13,69"
6101,"13,69"
6102,"13,69"
6103,"13,2"
6104,"13,69"
6105,"13,2"
6106,"13,69"
6107,"13,69"
6108,"13,69"
6109,"13,2"
6110,"13,69"
6111,"13,69"
6112,"13,69"
6113,"13,2"
6114,"13,69"
6115,"13,69"
6116,"13,69"
6117,"13,69"
6118,"13,69"
6119,"13,69"
6120,"13,69"
6121,"13,2"
6122,"13,69"
6123,"13,2"
6124,"13,2"
6125,"13,69"
6126,"13,69"
6127,"13,69"
6128,"13,69"
6129,"13,69"
6130,"13,69"
6131,"13,69"
6132,"13,2"
6133,"13,2"
6134,"13,2"
6135,"13,2"
6136,"13,69"
6137,"13,69"
6138,"13,69"
6139,"13,2"
6140,"13,2"
6141,"13,2"
6142,"13,2"
6143,"13,2"
6144,"13,2"
6145,"13,69"
6146,"13,69"
6147,"13,69"
6148,"13,69"
6149,"13,2"
6150,"13,69"
6151,"13,69"
6152,"13,2"
6153,"13,69"
6154,"13,2"
6155,"13,2"
6156,"13,69"
6157,"13,69"
6158,"13,69"
6159,"13,69"
6160,"13,69"
6161,"13,69"
6162,"13,69"
6163,"13,69"
6164,"13,69"
6165,"13,69"
6166,"13,69"
6167,"13,2"
6168,"13,69"
6169,"13,69"
6170,"13,69"
6171,"13,69"
6172,"13,69"
6173,"13,69"
6174,"13,69"
6175,"13,69"
6176,"13,69"
6177,"13,69"
6178,"13,69"
6179,"13,69"
6180,"13,69"
6181,"13,2"
6182,"13,69"
6183,"13,2"
6184,"13,69"
6185,"13,69"
6186,"13,69"
6187,"13,2"
6188,"13,69"
6189,"13,69"
6190,"13,69"
6191,"13,69"
6192,"13,69"
6193,"13,69"
6194,"13,69"
6195,"13,69"
6196,"13,69"
6197,"13,69"
6198,"13,69"
6199,"13,69"
6200,"13,69"
6201,"13,69"
6202,"13,69"
6203,"13,69"
6204,"13,69"
6205,"13,69"
6206,"13,69"
6207,"13,69"
6208,"14,17"
6209,"14,17"
6210,"13,69"
6211,"14,17"
6212,"14,17"
6213,"14,17"
6214,"14,17"
6215,"14,17"
6216,"14,17"
6217,"14,17"
6218,"13,69"
6219,"13,69"
6220,"13,69"
6221,"14,17"
6222,"14,17"
6223,"14,17"
6224,"14,17"
6225,"13,69"
6226,"13,69"
6227,"14,17"
6228,"14,17"
6229,"13,69"
6230,"13,69"
6231,"13,69"
6232,"13,69"
6233,"13,69"
6234,"13,69"
6235,"13,69"
6236,"13,69"
6237,"13,69"
6238,"13,69"
6239,"14,17"
6240,"14,17"
6241,"14,17"
6242,"14,17"
6243,"13,69"
6244,"14,17"
6245,"13,69"
6246,"14,17"
6247,"13,69"
6248,"14,17"
6249,"14,17"
6250,"14,17"
6251,"13,69"
6252,"14,17"
6253,"13,69"
6254,"13,69"
6255,"13,69"
6256,"14,17"
6257,"13,69"
6258,"13,69"
6259,"14,17"
6260,"14,17"
6261,"13,69"
6262,"13,69"
6263,"13,69"
6264,"14,17"
6265,"13,69"
6266,"14,17"
6267,"13,69"
6268,"13,69"
6269,"14,17"
6270,"14,17"
6271,"14,17"
6272,"14,17"
6273,"14,17"
6274,"14,17"
6275,"14,17"
6276,"14,17"
6277,"14,17"
6278,"13,69"
6279,"14,17"
6280,"14,17"
6281,"13,69"
6282,"13,69"
6283,"13,69"
6284,"13,69"
6285,"13,69"
6286,"13,69"
6287,"13,69"
6288,"13,69"
6289,"14,17"
6290,"14,17"
6291,"13,69"
6292,"14,17"
6293,"13,69"
6294,"13,69"
6295,"13,69"
6296,"13,69"
6297,"13,69"
6298,"13,69"
6299,"13,69"
6300,"13,69"
6301,"13,69"
6302,"13,69"
6303,"14,17"
6304,"13,69"
6305,"13,69"
6306,"13,69"
6307,"14,17"
6308,"14,17"
6309,"14,17"
6310,"13,69"
6311,"13,69"
6312,"13,69"
6313,"14,17"
6314,"13,69"
6315,"14,17"
6316,"14,17"
6317,"14,17"
6318,"14,17"
6319,"14,17"
6320,"14,17"
6321,"14,17"
6322,"14,17"
6323,"14,17"
6324,"14,17"
6325,"14,17"
6326,"14,66"
6327,"14,17"
6328,"14,66"
6329,"14,17"
6330,"14,17"
6331,"14,66"
6332,"14,17"
6333,"14,17"
6334,"14,66"
6335,"14,17"
6336,"14,66"
6337,"14,17"
6338,"14,17"
6339,"14,17"
6340,"14,66"
6341,"14,17"
6342,"14,17"
6343,"14,17"
6344,"14,17"
6345,"14,17"
6346,"14,17"
6347,"14,17"
6348,"14,17"
6349,"14,17"
6350,"14,17"
6351,"14,17"
6352,"14,17"
6353,"14,17"
6354,"14,17"
6355,"14,17"
6356,"14,66"
6357,"14,17"
6358,"14,17"
6359,"14,17"
6360,"14,17"
6361,"14,17"
6362,"14,17"
6363,"14,17"
6364,"14,66"
6365,"14,17"
6366,"14,66"
6367,"14,17"
6368,"14,17"
6369,"14,17"
6370,"14,17"
6371,"14,17"
6372,"14,17"
6373,"14,17"
6374,"14,17"
6375,"14,17"
6376,"14,17"
6377,"14,17"
6378,"14,66"
6379,"14,17"
6380,"14,17"
6381,"14,17"
6382,"14,17"
6383,"14,17"
6384,"14,17"
6385,"14,17"
6386,"14,17"
6387,"14,17"
6388,"14,66"
6389,"14,66"
6390,"14,17"
6391,"14,66"
6392,"14,66"
6393,"14,17"
6394,"14,17"
6395,"14,66"
6396,"14,17"
6397,"14,17"
6398,"14,17"
6399,"14,66"
6400,"14,17"
6401,"14,17"
6402,"14,66"
6403,"14,66"
6404,"14,17"
6405,"14,66"
6406,"14,17"
6407,"14,66"
6408,"14,17"
6409,"14,17"
6410,"14,66"
6411,"14,66"
6412,"14,66"
6413,"14,66"
6414,"14,66"
6415,"14,66"
6416,"14,66"
6417,"14,17"
6418,"14,66"
6419,"14,66"
6420,"14,17"
6421,"14,17"
6422,"14,66"
6423,"14,17"
6424,"14,66"
6425,"14,66"
6426,"14,66"
6427,"14,66"
6428,"14,66"
6429,"14,66"
6430,"14,66"
6431,"14,66"
6432,"14,17"
6433,"14,17"
6434,"14,66"
6435,"14,66"
6436,"14,66"
6437,"14,66"
6438,"14,66"
6439,"14,66"
6440,"14,66"
6441,"14,66"
6442,"14,66"
6443,"14,66"
6444,"14,66"
6445,"14,66"
6446,"14,66"
6447,"14,66"
6448,"14,66"
6449,"14,66"
6450,"14,66"
6451,"14,66"
6452,"14,66"
6453,"14,66"
6454,"14,66"
6455,"14,66"
6456,"14,66"
6457,"14,17"
6458,"14,66"
6459,"14,66"
6460,"14,66"
6461,"14,66"
6462,"14,66"
6463,"14,66"
6464,"14,66"
6465,"14,66"
6466,"14,66"
6467,"14,66"
6468,"14,66"
6469,"14,66"
6470,"14,17"
6471,"14,66"
6472,"14,66"
6473,"14,66"
6474,"14,66"
6475,"14,66"
6476,"14,66"
6477,"14,66"
6478,"14,66"
6479,"14,66"
6480,"14,66"
6481,"14,66"
6482,"14,66"
6483,"14,66"
6484,"14,66"
6485,"14,66"
6486,"14,66"
6487,"14,66"
6488,"14,66"
6489,"14,66"
6490,"14,17"
6491,"14,66"
6492,"14,66"
6493,"14,66"
6494,"14,66"
6495,"14,66"
6496,"14,66"
6497,"14,66"
6498,"14,66"
6499,"14,66"
6500,"14,66"
6501,"14,66"
6502,"14,66"
6503,"14,66"
6504,"14,66"
6505,"14,66"
6506,"14,66"
6507,"14,66"
6508,"14,66"
6509,"14,66"
6510,"14,66"
6511,"14,66"
6512,"14,66"
6513,"14,66"
6514,"14,66"
6515,"14,66"
6516,"15,15"
6517,"14,66"
6518,"14,66"
6519,"15,15"
6520,"14,66"
6521,"14,66"
6522,"14,66"
6523,"14,66"
6524,"14,66"
6525,"14,66"
6526,"14,66"
6527,"14,66"
6528,"14,66"
6529,"14,66"
6530,"14,66"
6531,"15,15"
6532,"14,66"
6533,"14,66"
6534,"14,66"
6535,"14,66"
6536,"14,66"
6537,"15,15"
6538,"14,66"
6539,"14,66"
6540,"15,15"
6541,"14,66"
6542,"14,66"
6543,"14,66"
6544,"15,15"
6545,"14,66"
6546,"14,66"
6547,"14,66"
6548,"14,66"
6549,"14,66"
6550,"14,66"
6551,"14,66"
6552,"14,66"
6553,"14,66"
6554,"15,15"
6555,"14,66"
6556,"15,15"
6557,"14,66"
6558,"14,66"
6559,"14,66"
6560,"15,15"
6561,"14,66"
6562,"15,15"
6563,"14,66"
6564,"14,66"
6565,"14,66"
6566,"14,66"
6567,"14,66"
6568,"14,66"
6569,"14,66"
6570,"14,66"
6571,"14,66"
6572,"15,15"
6573,"14,66"
6574,"14,66"
6575,"14,66"
6576,"14,66"
6577,"14,66"
6578,"15,15"
6579,"14,66"
6580,"14,66"
6581,"14,66"
6582,"14,66"
6583,"14,66"
6584,"15,15"
6585,"14,66"
6586,"14,66"
6587,"15,15"
6588,"14,66"
6589,"14,66"
6590,"15,15"
6591,"14,66"
6592,"15,15"
6593,"14,66"
6594,"14,66"
6595,"15,15"
6596,"14,66"
6597,"14,66"
6598,"15,15"
6599,"15,15"
6600,"14,66"
6601,"15,15"
6602,"14,66"
6603,"14,66"
6604,"14,66"
6605,"14,66"
6606,"14,66"
6607,"14,66"
6608,"14,66"
6609,"14,66"
6610,"14,66"
6611,"14,66"
6612,"14,66"
6613,"14,66"
6614,"15,15"
6615,"14,66"
6616,"14,66"
6617,"15,15"
6618,"15,15"
6619,"15,15"
6620,"14,66"
6621,"14,66"
6622,"15,15"
6623,"14,66"
6624,"14,66"
6625,"14,66"
6626,"15,15"
6627,"15,15"
6628,"15,15"
6629,"15,15"
6630,"14,66"
6631,"15,15"
6632,"15,15"
6633,"15,15"
6634,"14,66"
6635,"14,66"
6636,"14,66"
6637,"14,66"
6638,"14,66"
6639,"15,15"
6640,"14,66"
6641,"14,66"
6642,"14,66"
6643,"14,66"
6644,"14,66"
6645,"15,15"
6646,"15,15"
6647,"15,15"
6648,"14,66"
6649,"14,66"
6650,"14,66"
6651,"14,66"
6652,"14,66"
6653,"15,15"
6654,"14,66"
6655,"14,66"
6656,"14,66"
6657,"14,66"
6658,"14,66"
6659,"14,66"
6660,"14,66"
6661,"14,66"
6662,"14,66"
6663,"14,66"
6664,"14,66"
6665,"14,66"
6666,"14,66"
6667,"14,66"
6668,"14,66"
6669,"14,66"
6670,"14,66"
6671,"15,15"
6672,"15,15"
6673,"14,66"
6674,"15,15"
6675,"15,15"
6676,"14,66"
6677,"15,15"
6678,"15,15"
6679,"15,15"
6680,"14,66"
6681,"14,66"
6682,"14,66"
6683,"15,15"
6684,"14,66"
6685,"14,66"
6686,"15,15"
6687,"15,15"
6688,"15,15"
6689,"15,15"
6690,"15,15"
6691,"15,15"
6692,"14,66"
6693,"15,15"
6694,"15,15"
6695,"15,15"
6696,"15,15"
6697,"15,64"
6698,"15,15"
6699,"15,15"
6700,"15,15"
6701,"15,15"
6702,"15,15"
6703,"15,15"
6704,"15,15"
6705,"15,64"
6706,"15,15"
6707,"15,15"
6708,"15,64"
6709,"15,15"
6710,"15,64"
6711,"15,64"
6712,"15,64"
6713,"15,64"
6714,"15,15"
6715,"15,64"
6716,"15,15"
6717,"15,15"
6718,"15,15"
6719,"15,64"
6720,"15,15"
6721,"15,64"
6722,"15,15"
6723,"15,15"
6724,"15,15"
